datetime,company,pe_ratio,pb_ratio,roe,roa,debt_ratio,revenue_growth,gross_margin,operating_margin
2020-01-31,AAPL,29.074421601830604,5.411770145005689,0.21683317057264057,-0.038446325044399224,0.6935201133403955,0.16936891152418795,0.3868042490252367,0.16679344497201923
2020-01-31,ABBV,32.98954621016367,4.775461875997907,0.09824145224228951,0.11976043393585502,0.37223059262779085,0.20108035856796558,0.4253742979127155,0.3498094804415427
2020-01-31,AMD,23.319902744004892,5.075701922832559,-0.02567638888393947,0.1228712197066757,0.5164158633566656,-0.11702195840326196,0.3064770978539958,0.27605525918025164
2020-01-31,AMZN,38.113818457291345,5.359237258309725,0.09528558221964593,0.14172012613239887,0.38913836574223526,0.08349211927785544,0.2662031387728926,0.3742306591087412
2020-01-31,BAC,15.364455964204916,4.615691456270841,0.08859991187617566,0.20648983966645243,0.4646681551589855,0.32363907150929727,0.3949614317549069,0.14740147553706148
2020-01-31,COP,26.841000326115893,3.9185493246661234,0.29393187456444797,0.12826090491635098,0.4424654320080002,0.14736830321535815,0.3339399275126645,0.2512386518722506
2020-01-31,COST,38.34723749514946,7.1397837349161755,0.10783113841956576,0.11275416079149415,0.6029176969102089,0.13338284042556967,0.3689705919802965,0.2112898883384445
2020-01-31,GOOGL,22.414353416853338,2.889789627198124,0.2814848938333543,,0.648513607468844,0.024820255405198985,0.2587385329495936,0.2182890951967739
2020-01-31,GS,34.649586170513416,3.250659270454294,0.16116235548544952,0.16196951332153567,,0.05948263600065598,0.39500715373580286,0.3381020539545565
2020-01-31,IBM,28.437264822190855,6.103264338989714,0.26004213657482844,0.19597108458981344,0.39128382065140077,0.0943959702828123,0.2859195050689614,0.29352487445148123
2020-01-31,INTC,26.305440330816108,,0.20030559879983934,0.08487729650532094,0.28007778642987835,0.13669657118189976,0.3892828792715668,0.27453288563655553
2020-01-31,JNJ,26.534169255368756,5.83510734229563,0.168473131161756,0.04531457643912082,0.40805241232086237,-0.1510320248320873,0.26869118899712513,0.21676544782891832
2020-01-31,JPM,40.32149803864279,4.77959289541953,0.04120116671216727,0.019472350582927817,0.530157733587538,0.29244779329341086,0.43991780589527874,0.19603023526665053
2020-01-31,META,31.478232607458978,5.5621702077543915,0.1722315855334875,0.03420459791717924,0.480006545396444,0.44493815374214785,0.49056069255474116,0.318430647530688
2020-01-31,MPC,19.623782951880052,4.229784978604657,0.18367151660117495,0.15346928742889637,0.5993318142952214,0.15024745014067867,0.358533519136794,0.2485326999464701
2020-01-31,MRK,25.23579610371594,6.955944591625686,0.10605695930202304,0.08563537135812826,0.5870952927624338,0.13715191417307732,0.3011055056076172,0.2851999501095915
2020-01-31,MS,21.521779841968794,6.480262009662898,0.10694008002650482,0.19810200094811642,0.34331353165818546,-0.03470880460394732,0.4191173568708959,0.22193552872441377
2020-01-31,MSFT,24.717942990760736,8.825095994003352,,0.10745754181308391,0.3572014413658018,0.12729757283765808,0.3402292535010038,
2020-01-31,PFE,,3.051789780516912,,0.18244768473559186,0.4494540916358941,0.013635741513532446,0.33334742433835746,
2020-01-31,SLB,23.338543946599756,3.5486525229576733,0.08501880670770327,0.03428232879884205,0.4905970955633923,0.14908083871561434,0.2961857706412385,0.1256793481561872
2020-01-31,TGT,28.29574143746086,5.839462810886387,0.22711386391689878,0.09838347956239642,0.4683043957626849,0.24874202425753772,0.3279703381041956,0.14008151828797272
2020-01-31,TSLA,26.90104020745579,3.1953684678424175,0.09055122145859944,0.07889256184283286,0.6824886031581189,0.07384063052050696,0.2746341770219637,0.15262685924652872
2020-01-31,UNH,25.704625847581035,5.472398292579383,0.10181543410361577,0.15512425268749974,0.33664408260487616,-0.004166067591605746,0.3749584557069482,0.2166853487752858
2020-01-31,WFC,22.147110939468355,7.512886449202191,0.03527322641054849,0.026235583982507985,0.44939185189542846,0.13255837675519927,0.31279921991025134,0.17049368329025189
2020-01-31,WMT,7.192702555201539,5.3152717881362515,0.09317988105843623,,0.4759723579533734,0.17854080013400847,0.32779278345282664,0.3118071702606543
2020-01-31,XOM,13.94010422079946,4.9691548538197505,-0.07303220503528288,0.1313482625004302,0.644489737256311,0.06055935420701748,0.3742870365273418,0.325065326268026
2020-02-29,AAPL,28.254968610446884,8.322240774560791,0.1417211268050344,0.22596382475854387,0.4288150768315959,0.022802698276433983,0.47529797027944953,0.1851104369364976
2020-02-29,ABBV,31.043646495069275,4.451124721337079,-0.07169624056709054,0.11804166216337339,0.32326163635019367,0.3802622833937478,0.2980171987706537,0.14853536620785027
2020-02-29,AMD,29.681317859083222,6.065197814628087,0.09171833904259985,0.07203433904625758,0.43276384241425586,0.38480094686857347,0.2604026846641284,0.24929438311268362
2020-02-29,AMZN,29.612689258693322,6.038819013222033,0.09532665751938181,0.06928489351167794,0.6432626663474191,0.1050098161062902,0.38865503368506593,0.1319700821043416
2020-02-29,BAC,27.356862134948237,7.206322529767761,0.10375256420155747,0.1672576313635113,0.34240085976858065,0.021545246708732507,0.3211861764855268,0.19036419076097413
2020-02-29,COP,16.70001689081238,6.19851286566696,0.11409220666181048,0.0692519507270431,0.524575418001005,0.2638164991827824,0.2670582495623086,0.203106858207491
2020-02-29,COST,26.394760484213347,4.822368878205283,0.30399319079649767,0.08853148665969075,0.2944736457141358,-0.07691429603803926,0.24058544351655087,0.1828058694705124
2020-02-29,CVX,27.4678775980655,6.756146388242965,0.22952705059454634,0.15196239471262327,0.25209077135444746,0.03551059891783136,0.3363269587323276,0.23843805365886644
2020-02-29,GOOGL,29.22042529600735,5.324635036237252,0.03905718327140202,-0.01213804859726364,0.6994943030914096,-0.018796879086979107,0.37806370165948655,0.16572137891705793
2020-02-29,GS,28.35864492684714,4.801657573648567,0.11653025669252884,0.08365353734898516,0.5106570941224268,0.15483553586745466,0.5112311013790513,0.2997205508157672
2020-02-29,HD,19.446888469417814,5.463329923593628,0.13984590649504985,0.10920135790151295,0.43814220232523166,0.0751313799144077,0.3721740217854763,0.21136670161464186
2020-02-29,IBM,20.8823613734044,6.313048220510805,0.15888290959619522,0.2523478171320463,0.5683380652093911,0.11041969607142277,0.2935227672039061,0.2661085966190523
2020-02-29,INTC,24.128878861253742,7.6551943186499845,0.0655430546762254,0.20933510433774088,0.3593053292180094,0.185449815169096,0.3476656711267365,0.16216190775510805
2020-02-29,JNJ,34.65790985071178,4.094419599659845,0.2148810226071255,0.18924453597269453,0.5391529848586826,0.24636524339815194,0.3790045189204865,0.2034780578471606
2020-02-29,JPM,20.243074225174347,4.327402009165912,0.24302479454739478,0.14590735965956889,0.4202760484321457,0.04442107502910941,0.44790148176221756,0.16951771410544908
2020-02-29,LOW,30.14159356294604,5.3020339186078385,-0.007494335483960071,0.09245392217559893,0.6557911607289183,,0.3902775279288059,0.2920571354690885
2020-02-29,META,35.8010000770272,4.149106607396524,-0.02275302443726479,0.14882390725945505,0.6677785600947678,0.11337893543785454,0.21974872881046567,0.19972497352139812
2020-02-29,MPC,26.252008999363927,4.591075143410663,0.07425455373281328,0.14094445919030385,0.2346511125506674,-0.057504229396141665,0.3538766165726848,0.2018376927393505
2020-02-29,MRK,23.874648785201043,6.94880891323298,0.09091826692479069,0.23013162605923027,0.3794087259303768,-0.09077970389692022,0.4621884744581944,0.27060700186900727
2020-02-29,MS,31.713606584614407,6.894122079824726,0.11791069715372642,0.16320334985882376,0.5670564336537451,0.08791190492265856,0.3729276463154738,0.28210152449778664
2020-02-29,MSFT,32.3261187374576,6.793030968583652,0.1845936130732599,0.11204850809129055,0.5488951324286159,0.3693565429018232,0.1748150459673007,0.21102177795912436
2020-02-29,PFE,38.8932486057452,5.332704155086843,0.06823776412849078,0.09064614856130966,0.5628966492056606,0.45558134313689247,0.2827435826825683,0.26520779784588955
2020-02-29,SLB,17.881274876877583,3.3180576672142186,0.14527521336283764,-0.0025588013474144577,0.608474601390365,0.08688034004626016,0.39629253832280736,0.26890420702281514
2020-02-29,TGT,32.1338074366268,6.910225966670595,0.026434121073579606,0.12887580576571028,0.4502013316732125,0.06577186269066643,0.3391245114042522,0.2838609006835859
2020-02-29,TSLA,19.735301680417425,6.081883609786585,0.15156557895313294,0.10637867292516494,0.4774179256091331,0.32927426252901226,0.3701130773025725,0.21679545003144352
2020-02-29,UNH,24.08113821787792,6.440453729587972,0.02865694252597485,0.2740574226263076,0.6908043856065623,0.020105391257872876,0.48209912506367836,0.2446714037522462
2020-02-29,WMT,31.626847911307568,5.460029041433424,-0.10472090936944983,0.14541954917488903,0.44808645423508775,0.19894156582353334,0.23535866194657046,0.24008833590376177
2020-02-29,XOM,33.24639316554135,5.068273795721657,-0.05184525674586804,0.1788639394299968,0.4456993330666788,0.15552007017188874,0.34074205708907457,
2020-03-31,AAPL,28.435000574253625,4.163736433912275,0.08165663696028722,0.039698908543863994,0.5108011746587016,0.023361360491846228,0.28246922122062157,0.18784711416588934
2020-03-31,ABBV,38.68941486268486,7.905472153056664,0.20973108625645134,0.09829735267725716,0.3579536278470268,0.23366014534442275,0.44962722491852347,0.3142663393826105
2020-03-31,AMD,22.319292706664005,4.8619641919500785,0.11561539185934165,0.15662349637639275,0.43013213681753104,,0.501802515612668,0.33060768458703227
2020-03-31,AMZN,24.616391839726923,6.986534261552403,0.21153215611114667,0.13423769555483636,0.49856438791012614,0.16041802319376747,0.564423139023331,0.30165779989911146
2020-03-31,BAC,42.36737477526961,4.764625216163289,0.1382944434637633,0.26415572144934335,0.48813874183223194,-0.02236345644676535,0.18444440086009717,0.23326628632254012
2020-03-31,COP,33.56477373574059,2.548026230129844,-0.017221631919388122,0.20411407133352857,0.44321654984169884,0.3126660501495927,0.39381751235211504,0.21110254438233023
2020-03-31,COST,22.46980014518911,6.471127928389997,-0.026073503541742732,0.023529606014654064,0.28049822991386864,,0.2961212565945621,0.24902986032294883
2020-03-31,CVX,21.185977214621612,5.492729311081205,0.05302655368871494,0.13899255567857488,0.2530741722735579,0.05921448673258801,0.21526699980125197,0.15412939330345277
2020-03-31,GOOGL,18.500095328992145,5.400807083332212,-0.05260701655620331,0.018046269216584893,0.7530292556948317,0.30337178003680076,0.39872320016623664,0.1808158744904349
2020-03-31,GS,34.775269263554975,4.547191520773294,0.17137100267173644,0.11857341688746621,0.37024342740159255,-0.025098548514938784,0.1540755699223102,0.1355655452772628
2020-03-31,HD,29.929411498827324,5.681769601648636,-0.13340601778146657,0.10218450959875056,0.402724529926903,0.14400875411409117,0.35502935839054955,0.16292924168066422
2020-03-31,IBM,38.619925959304,5.390698510745494,-0.03010492619122429,0.24083473012236528,0.27911111107507447,0.03389556405609301,0.48260329480020575,0.1688414149273928
2020-03-31,INTC,28.920913238255476,6.084051512615116,0.17431059442761448,0.13735431476359491,0.39045706134470826,0.1528716137228288,0.35753708951325985,0.12969573702467208
2020-03-31,JNJ,36.57183554142681,0.7957492466277465,0.2026498747174356,0.09125323752280302,0.32508439805344613,-0.02636073669477934,0.3212480503394983,0.2510842064982256
2020-03-31,JPM,19.127764564500986,4.941122407562306,0.009083499599822159,0.022816144888973725,0.7212943739238324,0.2915109413483732,0.28860245747539826,0.17856499955428304
2020-03-31,LOW,26.462561626638372,5.822664383997809,0.19830875148551558,0.07842490852563222,0.6239655365501202,0.2466380590680898,0.4129357870969834,0.1473734746829733
2020-03-31,META,31.600456488911973,3.8023462789204,0.11145171622195275,-0.08038255201884807,0.48540738354646035,0.1960188582991959,0.2773225000059868,0.24559249530271168
2020-03-31,MPC,32.83131038550341,4.256059748796934,0.060478379729366566,0.10557841282140143,0.3935820118567399,-0.048495868748852505,0.3810898217833366,0.1936865297211236
2020-03-31,MRK,37.06177995525974,4.314607197604033,0.1499452493840777,0.12937969871733115,0.28468000224089174,0.009179165837569933,0.41841545155995324,0.24364108639012727
2020-03-31,MS,36.56596592297484,5.32292937864806,0.1377435255978393,0.052692860946854984,0.5903726997275269,0.06556675351866248,0.4631842221125073,0.24919624135850157
2020-03-31,MSFT,33.513464216371496,4.621243711769702,0.1574234795690192,0.08293137270659297,0.4844916902571389,0.1873497373810344,0.22610385245841563,0.20810610155718917
2020-03-31,NVDA,14.71768383365736,5.476668527172316,0.13793126304951642,0.14291941138751743,0.5317961303187229,0.15313976741063018,0.31443485786744313,0.28302343182234213
2020-03-31,PFE,14.744474333654692,4.012681483719975,-0.11902036986682071,0.1017146946197624,0.4742348859178681,-0.05229370370944664,0.5210632288868542,0.10560183484598192
2020-03-31,SLB,42.554650270081765,2.5638875658814646,0.09468914613672233,0.07158031743605153,0.5399916981500775,,0.34010925047135443,0.17317797431267837
2020-03-31,TGT,29.177254017480063,4.749554318933774,0.028564410592546538,0.12446757511792995,0.43441462746567094,,0.46928408763164664,0.2371366657543194
2020-03-31,TSLA,26.418253413717462,5.568641831828073,0.06605679608478718,0.08403784349069084,0.4986644613821918,0.050404365451399626,0.5368973392966072,0.3582613234930786
2020-03-31,UNH,24.283777404884894,6.267946962119791,-0.059854463795199736,0.034813543153217844,0.5944450313440207,0.2094835839838179,0.44793912856631785,0.12561049376765318
2020-03-31,WMT,17.631275520040305,4.894105656609448,0.0428946827284271,0.1651383072050966,0.6204851148724907,0.01934799516307252,0.3542588969586305,0.27325986598146235
2020-03-31,XOM,21.19112857428136,,0.06558478017334694,0.04982631993975165,0.6387685574276898,0.25131427471757095,0.38788766385168527,0.2919675176398996
2020-04-30,AAPL,21.463593169990823,6.216360546177155,0.3076316726286377,0.12031651434200699,0.37008967113032754,0.08801600045958097,0.15811059862331553,0.23734665230470842
2020-04-30,ABBV,38.26487676761343,4.570214766392797,-0.15570607403893597,0.09585046742084166,0.7044051532312292,0.12049632911182072,0.44213050612848104,0.3179075549729044
2020-04-30,AMD,22.84786608946294,3.1597971167206698,0.06449785398904093,-0.05425032700618994,0.5738386685285148,0.03819134243698097,0.38248183900441474,0.25866138796470495
2020-04-30,AMZN,28.556086202997573,5.827780926434545,-0.16202231747397836,0.02516884743009687,0.4863935105305706,0.12173409266963026,0.2698467089567665,0.29523406495868515
2020-04-30,BAC,20.957166910657627,5.050737792701303,0.11222159307585097,0.2367431291079381,0.4182535091093786,0.22356778965210167,0.348304734554308,0.16743425769843434
2020-04-30,COP,12.565107249349113,1.896213010714249,0.018561628706357483,0.07354833777575229,0.3077863913060779,0.21638518115641409,0.3286698468357857,0.22142301512285725
2020-04-30,COST,37.76304849997855,8.489570273849367,0.08578580386269849,0.0385768796257027,0.3456960048051385,-0.059679107241070145,0.18750004018911082,0.14414191110566432
2020-04-30,CVX,31.947130113329898,5.40811259371,0.25299453216257817,0.1978500548185655,0.6187847514518641,0.037137759156535805,0.46944191152279313,0.21052919415196783
2020-04-30,GOOGL,25.83999713232025,5.739417166215127,-0.02734429314493872,0.061137971044817566,0.31879992256067424,0.01113066427882091,0.34690961016429844,0.2498582291831377
2020-04-30,GS,37.62747904414803,8.613289240503267,0.01128858335482405,0.09624145717760357,0.33552702425177144,0.14944646878097875,0.28492220545933233,0.21889369876810447
2020-04-30,HD,,5.069235254539481,0.16228070987748766,0.1774996136238564,0.2964173271595961,0.22652594561931425,0.45563449707552434,0.25856476797844585
2020-04-30,IBM,23.8621801952184,4.85499157061235,-0.01606068396785687,0.292062451326816,0.4654934933004737,-0.05266074713325275,0.43013624372805825,0.21366173652809797
2020-04-30,INTC,29.72059845925142,7.33065375372026,0.102910234406004,0.06729711689257918,0.6559983546483196,-0.02793238320438607,0.40912195210971597,0.27666675963663867
2020-04-30,JNJ,10.88103388536192,3.8315230743698043,0.1880189252617046,0.17538937614556216,0.3019296257256227,-0.1843713836047479,0.3208258674625,0.1559816480493005
2020-04-30,JPM,27.380247107240685,5.410822713254561,0.09149609574084992,0.12451818663616256,0.5759405236272217,0.1774437576176739,0.3525597765958933,0.13785572170121624
2020-04-30,LOW,34.239943603231005,5.717607040352109,0.19935707872166808,-0.0008444182581583692,0.689855900689592,-0.031057553037656283,0.4277681352520939,0.13050809703732136
2020-04-30,META,23.616930017005178,4.772941669684134,0.09485562721456203,0.11244579129203254,0.5723818778399516,-0.008825698922834163,0.351493298565185,0.20599786042306292
2020-04-30,MPC,31.934812618628072,5.5126621339406,0.057782478356120104,0.10666279224278981,0.5634511176384134,0.12567046132233933,0.3148964807876672,0.3231689787450491
2020-04-30,MRK,30.762346853868483,5.317507056548145,0.020504322300529718,0.06355272969732162,0.38955040235045946,-0.19950337038106744,0.43043557662838516,0.30780044885212743
2020-04-30,MS,14.412186851157731,6.225099979370775,-0.008493045817007161,-0.009435516688029319,0.6968429138923656,0.3131821777009926,0.3792659698537213,0.2647497493653983
2020-04-30,MSFT,41.797137519643115,6.740284215117203,0.17518805585136138,-0.06365141821450614,0.44000184081790494,0.26592519707767803,0.3185632494437963,0.2446735946860631
2020-04-30,NVDA,38.36974018210476,1.1871903861032944,0.07295908150886811,0.13075174094158915,0.5496416093984596,-0.12857883281234977,0.24490924472166645,0.3000362687287711
2020-04-30,PFE,23.400709889794598,8.727703603482095,0.21388845499815912,0.029585374071705278,0.45271913335753006,0.06343483427683541,0.190036323271676,0.2783069238967003
2020-04-30,SLB,31.91920845861826,5.8368277770993,0.16754815923057845,-0.1,0.5589776488791588,0.004023952165663869,0.3430975483996718,0.16851371526156267
2020-04-30,TGT,24.513338285346954,5.227240215897381,0.030759620505093288,0.16695404679642162,0.5151410517908936,0.24054854324883024,0.42278883373157905,0.2570528311566361
2020-04-30,TSLA,32.498351424228034,4.426488600207786,0.16807473741439483,0.017528542018365373,0.6038740316239931,-0.07680164762068803,0.3868894283562321,0.057706421191970975
2020-04-30,UNH,33.50399806136652,2.9163168229381244,0.1533945419542821,0.12255709715096011,0.6795798409801406,-0.1430272866474773,0.33341775225633685,0.26435181022987275
2020-04-30,WFC,25.277378650237626,1.0658032278970344,0.0722165549187826,0.09788148981799956,0.40603480451213786,0.04346645135420607,0.3796305789752876,0.16634765488856218
2020-04-30,WMT,22.2083813701608,5.878148564283158,-0.09565205506726016,-5.081973924277172e-05,0.4714091141246732,-0.12644565546703557,0.41871712675223266,0.28910344852483416
2020-04-30,XOM,16.939971187350864,1.1799250178841705,0.07174703160258589,0.08525231870901015,0.4625049227639143,-0.02900629796768109,0.3143614718865725,0.14881147323823535
2020-05-31,AAPL,35.98407270171639,5.275620659302459,0.14501551457859752,-0.057528106548883476,0.402661311036699,0.18623189831938514,0.4375913409539879,0.30635580873158486
2020-05-31,ABBV,17.68243213763362,5.878531132795524,0.1533876545599825,0.00907275423785528,0.36657181691665863,0.23254857864750075,,0.26711485530341383
2020-05-31,AMD,31.96405705123958,3.0674303319238945,0.18566588563009578,0.13457911175458415,0.6568020578331533,-0.05116938820676914,0.29959789346400606,0.27911896859745744
2020-05-31,AMZN,23.047945913248363,1.5379188856752037,0.18240696136667547,0.16497261551407,0.48856492209572266,0.15380850887550418,0.48232789949992316,0.2877601809152439
2020-05-31,BAC,32.05247427921097,4.371773989788549,0.06773909605025574,0.07523770118591583,0.34738294878511217,0.09574875906610182,0.365237796974928,0.24742342364197864
2020-05-31,COP,11.375220317957691,2.909283737076939,0.13922210460000178,0.08326843879564863,0.4966218837873337,0.231963832901744,0.4690695038645982,0.19121333349418745
2020-05-31,CVX,30.567982660672325,9.283152003352647,0.20258738890182343,0.16690824170047358,0.888980442976101,0.12233877638046504,0.3597760994899409,0.21479385349206534
2020-05-31,GOOGL,26.783202008814396,6.048786973038266,-0.009687159093367051,0.007090732104904782,0.6156315301881603,0.243324971032061,0.4976028476421675,0.14134293044679858
2020-05-31,GS,17.59286173167812,3.2977795687594114,0.15089603817395475,-0.07287804285375986,0.658672491266143,0.02271429367738037,,0.29020112829830436
2020-05-31,HD,35.581550354675315,5.004545740602922,0.11706948734674076,0.10828156732412547,0.5202054477585936,0.25751077885395235,0.31969531936149803,0.17140644743305147
2020-05-31,IBM,33.992378514474126,6.716822574507266,-0.07376283358516922,0.08864270481819085,0.5760841024833442,0.02561878321451254,0.2536131924422574,0.2271883581806088
2020-05-31,INTC,29.896201603474864,4.267471923835107,0.2731722332650467,0.0332531961455038,0.566307337562922,0.06847543527028255,0.3511991609249513,0.32702428470724004
2020-05-31,JNJ,24.655505135369605,6.477675250405446,0.1396525207701482,0.09796716630117126,0.3897766672465837,0.1253347166900853,0.2605885261368752,0.32888142538896026
2020-05-31,JPM,18.449625439151845,5.48430918055054,-0.10364284126559634,0.08560076841541939,0.5485689537037826,0.11939465025206045,0.40634954198963047,0.3238429776352071
2020-05-31,LOW,17.901177537496785,9.348344719384384,0.4,-0.014278763401749495,0.4579933022474696,0.23497776190088487,0.4961594107314787,0.2307826277819874
2020-05-31,META,34.401198167732986,6.131118521709631,0.15380964866369662,0.1037490483000439,0.31663369696358734,0.08546726379353561,0.2451735334799278,
2020-05-31,MPC,18.12937722742587,4.442096214317971,0.16108712326936192,0.0160199838036829,0.37815387306747494,0.2814977573575592,0.35384251239275966,0.27612093189828985
2020-05-31,MRK,30.669042445102598,4.6822725391275775,0.13160866310544408,0.005560696643626087,0.4568488431577386,0.04627018116609485,0.24334899020996936,0.27234820803809406
2020-05-31,MS,32.705527426043425,5.81749383159777,0.0034967772571794092,0.09272440162965292,0.42889771035103774,0.10545419510355786,0.38447927519613034,0.263663276073075
2020-05-31,MSFT,26.656176488845084,,0.11984749427163,0.1243640042566776,,-0.00699145101099298,0.39328202002939167,0.2375835007110335
2020-05-31,NVDA,24.629669231892237,2.8954404671789074,0.08555665195550559,0.15187948371400908,0.5269978424835877,0.23183074005628387,0.35165106129199164,0.22533572799204693
2020-05-31,SLB,39.00995580568335,5.930846767677309,-0.03391325119271524,0.16910688361775766,0.5235818666598256,0.2274104616579615,0.1740361387544202,0.27602830060348016
2020-05-31,TGT,21.29359934242791,4.308627056476792,0.04042762804203797,-0.009675315563968778,0.5877584683798212,0.2481446039712199,0.31007524199579445,0.24571364344116972
2020-05-31,TSLA,23.20719723392891,3.4092325242175994,0.1800250385396712,0.051007409288862146,0.32393994183063246,0.2765793055032939,0.3131952111685493,0.2639716032079931
2020-05-31,UNH,38.30383067679915,6.27228170665743,-0.0027020577835817766,0.03209624479293448,,0.2690945462354453,0.2791211101984874,0.19731413509741808
2020-05-31,WFC,27.205365258549833,3.1432784534379348,0.014381111910955369,0.041253360087870845,0.3719353662766228,0.008645474852272295,0.25642770367623174,0.25686608450274867
2020-05-31,WMT,18.11829165532766,5.0576733968223015,0.13380535590802645,-0.027905392256867237,0.37297182956941044,0.02276928499537635,0.43159414392562917,0.2562887903464407
2020-05-31,XOM,19.978351042919925,6.122173616078005,0.17130386230989683,0.10386686534562987,0.5750049173411198,-0.09228527720310548,0.3462743922629592,0.22514383654154677
2020-06-30,AAPL,,7.286878186306522,0.22461868808884988,0.13243699520330446,0.6029611890081061,0.3565537895453065,0.46742305064986284,0.26281774721878215
2020-06-30,ABBV,41.09176930896762,8.524816647742767,0.10257822372769135,0.15559699249817727,0.4434059567045837,-0.103802442206825,0.37701110693172313,0.28845278148424025
2020-06-30,AMD,23.448682481206973,5.8921080867435345,-0.05674046510807773,-0.0021568165705322384,0.6534475118793419,0.01255519391063098,0.3833975320161321,0.31942961400884806
2020-06-30,AMZN,26.74376255684175,2.6847420935060344,0.0860433809283627,0.05952028001571119,,0.16794983804771468,0.4027584490295835,0.13209045590408441
2020-06-30,BAC,24.24343609670578,6.603898551540447,0.037207332604313234,0.09574413827489021,0.394396554898396,0.19982589290013048,0.31853904645303865,0.1983705922416885
2020-06-30,COP,22.456027587328904,2.8289162419688774,0.17400634394666797,0.14499660309329532,0.663114789763618,-0.04478974186290563,0.3916502320420469,0.21474510258285626
2020-06-30,COST,27.23603919157599,7.449059677392952,,0.16358939032611028,,0.007189958893342813,0.3236626474638306,0.20994765803015258
2020-06-30,CVX,32.15185667640606,2.523986142412356,0.01676802380150691,0.00902211034135783,0.3535255472944412,0.30956865577145254,0.4916662153178378,0.2477954703189313
2020-06-30,GOOGL,33.58701960094831,4.847445553283811,0.2394763971569264,0.12613339429101728,0.4583132639358132,-0.008853082057697637,0.2363033901425769,0.2895233512963027
2020-06-30,GS,19.57182406337988,,0.09898418506626552,-0.04075959655868043,0.5758462799592106,0.08215315401123605,0.457417227605057,0.25318470666114135
2020-06-30,HD,26.251994910105694,4.291728448897784,-0.12777326426931576,0.16586488240431532,0.5868135374799495,0.013564065013882312,0.260110044817638,0.21525943628271174
2020-06-30,IBM,40.67724369176379,5.986627752184271,0.1803886673131062,0.1763703592393037,0.6144450812530922,-0.028099788908321988,0.40537919126011834,0.1448343860028839
2020-06-30,INTC,21.701384736416085,5.467080511195559,0.06857889481817793,0.17125319725756927,0.7077556091230203,0.06974670006622041,0.4674194967764931,0.2756994575340318
2020-06-30,JNJ,27.428529953676705,2.2358445440834425,0.11868117698365357,0.0649488439031393,0.4386958677389091,0.037804613561233824,0.41670497865842726,0.27699273550898124
2020-06-30,JPM,41.97379826575819,6.55003533529982,0.14423989261151546,0.1957925075144344,0.736206564713118,0.14459524665831724,0.4169970201938886,0.20133614122827884
2020-06-30,LOW,32.629429120411785,5.782753373725392,0.14342609698721925,0.08004827008998582,0.4168353581058061,-0.21796472497740657,0.36492363188207877,0.2272195392263225
2020-06-30,META,34.36653084474822,4.719509221581541,0.17180585219311134,0.10796927013294261,0.5181336133021441,-0.04648026913456252,0.464574587064841,0.2333983156457034
2020-06-30,MPC,26.612499067004162,3.701169225825485,0.027864312824908935,0.08440423818815523,0.41653177352263193,0.20800942037161235,0.33145961238639327,0.22648165606653242
2020-06-30,MRK,39.38783087283098,3.4363971530380693,0.15791360486757905,0.05019362759593982,0.36401609179847855,0.04213200675632473,0.33134975705544034,0.21291910541201708
2020-06-30,MS,30.019387986381552,3.63935301722063,0.06201097364234094,0.11383371683986926,0.49329548154154573,0.19965558208048761,0.24661124665989018,0.1731237953875775
2020-06-30,MSFT,14.860733945823288,5.85327635829839,0.07960152270236952,0.11515521453704565,0.38642121698601295,-0.004866073479253968,0.3459941025721801,0.27005490794696113
2020-06-30,NVDA,25.994315731107875,4.653629802477356,0.12042247571838303,0.15243670201552278,0.3392693512485749,0.12666045128483822,0.2895312356187443,0.11360653347877855
2020-06-30,PFE,27.57426417985258,5.4480078805494,0.0845425396154557,0.05541752972918446,0.26866450491352734,-0.040059268779138846,0.3398153573764739,0.24219440724623
2020-06-30,SLB,16.628414155046123,5.240047925567643,0.1590345709576481,0.15003939713335882,0.633144644773983,0.21336989881835425,0.4618342295969481,0.2534542757547413
2020-06-30,TSLA,17.049448766638342,5.286066459361534,0.06410224087842613,0.17383006984952204,0.5160218558536858,0.2109199559000279,0.26235789749279304,0.16586250085852375
2020-06-30,UNH,22.22097412280243,4.106612475804852,-0.15731574280186458,0.016616224544831096,0.40222921642441944,0.05353075014908313,0.4218002238485858,0.2326458668095786
2020-06-30,WFC,18.54348204768254,4.499710170015016,0.2589737691210857,0.09108448419678437,0.6418322287140403,0.017689486351051803,0.4281592669191462,0.2766115018830464
2020-06-30,WMT,30.736414052686378,4.214933437814219,0.04565526517997331,0.10090816266833032,0.5861790024638037,0.2588419928165393,0.5045914917872548,0.2776429249202344
2020-06-30,XOM,33.36226874943385,4.232878481828875,-0.014655809221919835,0.10092141406482949,,-0.06785193916678237,0.20238478300512888,0.14195653942159958
2020-07-31,ABBV,11.185608493753733,6.233612326905863,0.05729794108676238,0.11485404855251234,0.523128126889989,0.16856125169513292,0.36135086694472457,0.34750902702611797
2020-07-31,AMD,29.336035486453692,5.288355764139358,0.00424121968322029,0.263402115669892,0.7411274551932755,0.25236146237420254,0.3776449841543266,0.1829518952045735
2020-07-31,AMZN,30.541423193194277,7.3794227545971856,0.092094580764359,0.17546513323584775,0.40413767764811503,0.1932312594188742,0.48467112214563307,0.20810093725460535
2020-07-31,BAC,,7.287555750884062,0.1318955234723596,0.03791226027502493,,0.252247803060031,,
2020-07-31,COP,36.23907938295197,5.214617788933703,0.09012583980977136,0.16727145337460753,0.5983470825440452,0.31911822439168913,0.19447370658950267,0.2580083843036643
2020-07-31,COST,23.977835975615463,4.526756529247406,0.26232364363443883,0.16467045742818787,0.6349647752543568,0.16414053621913513,0.3280294131420132,0.24020965426702276
2020-07-31,CVX,45.28441620701395,4.77684002828928,0.11401658801363798,0.17409872815911817,0.5652716215472283,0.14370408355112196,0.3613015578692254,0.1802283973744389
2020-07-31,GOOGL,24.871647115934874,4.97874085238425,-0.07590452136951417,0.05828228798568928,0.3937854865957884,0.20419296021994204,0.347061173451544,0.20130711630302317
2020-07-31,GS,29.79272769588413,1.6071316073422874,-0.015278862209481756,0.08546622995475277,0.6700155882138809,0.11869678965225837,0.33046397062802624,0.34512875967215795
2020-07-31,HD,18.08660772043507,7.56316180201815,0.0822350675727297,0.05457055933723847,0.47449228010244304,0.3851231981177565,0.35083625406645796,0.16840790911429807
2020-07-31,IBM,31.132717570501214,,0.016208537567240527,0.14069388948240158,0.64011214856209,0.05728037100598658,0.3102423346890985,0.1833288819509959
2020-07-31,INTC,16.183621521137383,5.590704866384623,0.24980336840995032,0.034626213677227166,0.5230700716197512,0.20904523037366968,0.3311652098245909,0.185132435070831
2020-07-31,JNJ,21.94944648026699,6.821403523650275,-0.05984306406436374,0.08417466685444383,0.4481043411376401,0.38317489057882714,0.31393276861294406,0.3781931069622171
2020-07-31,JPM,27.042271906766302,5.172443733936715,0.018675646531445655,0.03592929588824588,0.5836179119116705,0.3244006841662146,0.3435764066375261,0.23923078127226083
2020-07-31,LOW,16.650484793569284,3.9859068600341603,0.10496810898366636,0.05536242043123688,0.4344714406088197,0.06479397038825588,0.4933597408708293,0.16860717387582116
2020-07-31,META,45.59594721274262,4.896143849891332,0.21614782133227997,0.05180694599955713,0.6200830273671112,0.08004495275401889,0.32961637619518575,0.19066420113560054
2020-07-31,MPC,17.788859934319547,5.82450421031761,0.12484487517599427,0.1393917926889528,0.30527930266254677,0.19471374155653204,0.278598802000573,0.2235824450461797
2020-07-31,MRK,25.35661156283116,7.3736154376687555,0.10857282695037068,-0.04502479094979488,0.5449862222457754,0.2935138530762912,0.4285363867681513,0.3275849368303894
2020-07-31,MS,16.9793621775133,6.889161397921744,0.08391653463601065,-0.026677665544622628,0.7033965226663557,0.05281075801796887,0.40228828085005675,0.21505714359260206
2020-07-31,MSFT,24.439990286894286,5.57637571118105,0.09563343833286145,0.011789515504457365,0.23317576363129489,0.0012968560092079806,0.2960603053040057,0.29023081948156615
2020-07-31,NVDA,32.483502191510446,5.3161684402716025,0.02213055648622124,0.045841556623193655,0.7077497252732525,-0.15726919712040102,0.271827720622734,0.22269857414420763
2020-07-31,PFE,31.78877835441911,4.240060093768694,-0.0930725319895275,0.16747742744266003,0.40283757389955843,0.028363058011233927,0.40046850756796926,0.2744918741791618
2020-07-31,SLB,26.942284753963406,3.1968813875927777,-0.15329126114076716,0.17694188988988668,0.49457967931442326,0.3083280131814667,0.21568199130575738,0.13354456461885672
2020-07-31,TGT,31.323669809936266,2.3145280760049936,0.27376538559675156,0.1104688701810908,0.572339526468832,-0.02309492210481945,0.44391914157176576,0.249592522329442
2020-07-31,TSLA,35.58813345375896,5.719898127825642,-0.016748691202491423,0.15839662426541823,0.5172939881583323,0.14637491073615827,0.4455321428620732,0.28931941863528693
2020-07-31,UNH,24.666642359415082,4.644906563824547,0.02215236990757856,0.16573081703257106,0.6544283033140713,0.08734886290349449,0.24041853095794977,0.18533808017702263
2020-07-31,WFC,22.68994875345088,5.809508012048021,0.23720957516154828,0.17181183403213068,0.5411926406071192,0.16392729361995567,0.23411138356148944,0.20226275237300848
2020-07-31,WMT,34.2172673419981,4.9275489207795,0.099614167692618,0.07004247798579925,0.6760576617908716,0.06788546616428218,0.21688623278099686,0.23164921117209958
2020-07-31,XOM,29.206648800639623,7.095128442390672,0.1427713517807893,0.16529581650285052,0.6398747054609034,-0.0051416022435852304,0.3096270206561892,0.2608096419837135
2020-08-31,AAPL,36.29785794231444,3.7545242170364164,,0.25903280772250686,0.42831679332333117,-0.1449658962004864,0.23867952735877154,0.1873988464980431
2020-08-31,ABBV,37.50037409754546,7.4414158164862005,0.1495520593213435,0.057856464976330645,0.4853985680466979,0.08541524390627293,0.4040291377691236,0.2045758978365066
2020-08-31,AMD,23.941105771020034,6.2604172410869605,0.17957755189104077,0.092918008613475,0.4131085327298893,0.1131702751725317,0.36379466564769886,0.16939039142990697
2020-08-31,AMZN,25.36664477251954,6.393706717520867,0.1437276686885334,0.06697246753700536,0.482291498512892,0.22715386274392713,0.37393096133523873,0.2683067456978975
2020-08-31,BAC,40.74460480223711,4.159068373247337,0.2328777649132367,0.21267614969247045,0.563952947052883,0.14232607292766056,0.20740704037076202,0.2551401173984316
2020-08-31,COP,19.66088707628571,4.481436848531434,0.1278323606272695,0.18463348113466338,0.42728900925350344,-0.0338925923777991,0.27557362404981806,0.17822172926371607
2020-08-31,COST,22.781532893651068,1.9354424838860975,0.08819379934485985,-0.06402136447238808,0.4375231194629522,0.24013331674165564,0.35955570067200127,0.25478283405586893
2020-08-31,CVX,26.608031526449235,4.398682545239454,0.2521999587147532,0.10699793390346664,0.5219410241492162,0.0540448868334668,0.36729108919202474,0.24216450613109533
2020-08-31,GOOGL,20.066351533684866,4.666323883062052,-0.07366400079581825,0.17209208474156346,0.4830465394453315,0.27721059973008433,0.31354739336761006,0.31980641623833583
2020-08-31,GS,27.957941530327545,4.742743710904137,0.09136766365331925,0.13838495910069457,0.30638724184468613,,0.41136102346107634,0.1768101565170491
2020-08-31,HD,27.78363746923306,6.259540237006117,0.11272928465022644,0.05485507465186566,0.45511291052462133,0.2478874952762013,0.32289153168699497,0.20686983925248445
2020-08-31,IBM,32.95176846534133,4.588113358241817,-0.059051274277507754,0.00044991612908248935,0.48008974754745426,0.3343996357352753,0.46240070064035993,0.19991126923576336
2020-08-31,INTC,12.036463419530977,6.666211941060794,0.13388996042889434,0.024926738644344193,0.46075929873748084,0.007848471849946234,0.3630640113354399,0.20090158838894875
2020-08-31,JNJ,28.23302017679937,5.153396809979662,-0.0852411397090653,0.08892726289650206,0.4533585709984961,0.21063810540936115,0.3238141648857927,0.15913366029090742
2020-08-31,JPM,18.613195547705203,3.190714792200518,-0.06136970711150544,0.07206319114535074,0.47014431229343046,0.28686897646274806,0.25254774100416016,0.15760837511745693
2020-08-31,LOW,25.021112563469757,7.04662276956074,0.09024981540300245,0.23490643795881838,0.43192347365783235,0.149833957258318,0.4299768205209218,0.23161317695444059
2020-08-31,META,34.49051952503256,5.021229998493706,0.10860917101988547,0.1357375285978853,0.23617979171631426,0.05737826373619984,0.30565224859546325,0.24738210298543983
2020-08-31,MPC,28.09778299625711,2.491102276064803,0.14344897961543304,0.0838647312272816,0.5884598791941229,-0.08503726615162188,0.43030309581976245,0.28892142457986925
2020-08-31,MRK,13.235873548601347,6.632645317195097,0.10367489994134457,,0.40553248976662426,0.08402422673280197,0.35577872954349016,0.2559241926243744
2020-08-31,MS,30.138023348598303,5.898400029604162,0.2553120557544099,0.071238839831195,0.5268246675681296,-0.12447056493897202,0.226588806463986,0.28703345721304935
2020-08-31,MSFT,25.8577108693316,6.657035323966021,-0.028687855589521,0.12162042024820412,0.4475333504846581,0.263945971652697,0.40627464074885,0.2068555455243613
2020-08-31,NVDA,39.6696409530202,3.4321400071850574,0.08884441649926696,0.026627182513485573,0.4699504542479218,0.016261454582742946,0.36111010323076315,0.1461647721176368
2020-08-31,PFE,26.801850667277535,4.379827517394766,0.06191505923555716,0.1397261254711824,0.4306514761793812,0.12740758070133198,0.4448989416197666,0.14602852614047057
2020-08-31,SLB,30.287812889594377,2.8495301730268245,0.21309318626755686,0.11753976760106837,0.4710726423590555,0.17916865382768443,0.3309643524340762,0.15729594955343468
2020-08-31,TGT,33.2793417641488,5.7084049746803025,0.2222858126746058,0.1302655555986893,0.5509550118848093,0.20094365253771107,0.2519482202225949,0.1541119088278628
2020-08-31,TSLA,26.157886425816447,3.3933325676113992,0.13914627908610938,0.14101205985669074,0.6030439573827293,0.22824685009031043,0.22948067654263843,0.2836413103637765
2020-08-31,UNH,28.03427736035213,3.122076290272096,0.2701846728090639,0.11278809915679937,0.7235391679773948,0.1570068172050329,0.30074773155863077,0.20108977187079854
2020-08-31,WFC,34.2888029764804,5.289319283057595,0.03814228939039891,0.17932825628860552,0.646324936806087,0.028573081719670892,0.4064798282882851,0.2783773792132379
2020-08-31,WMT,25.917454229874714,5.542594814886105,0.18737238142610194,0.1332417458237085,0.29171150949200164,0.11237460399378005,0.2684550535173324,0.1796313098782284
2020-08-31,XOM,32.87452627919512,5.686059048056682,0.1606398187908396,0.17717624380538521,0.43570917845842616,0.14053171445530366,0.4205708997556249,0.20036409414248152
2020-09-30,AAPL,37.370755394591605,6.331081255488455,0.07957974624820335,0.11998849301111549,0.4982224355826541,0.06927832557610569,0.3770707812382787,0.240988530976746
2020-09-30,ABBV,8.341738525333955,5.269489187523501,0.26057170181702316,0.07245691950927785,0.6173101656518037,-0.0015960970593546647,0.4140429632633712,
2020-09-30,AMD,19.70232083788785,6.055960879343785,0.07015793751111768,-0.01618640120236431,0.6398769781400195,0.20793580854143934,0.38164140400798685,0.20745340759520622
2020-09-30,AMZN,26.48929528913242,3.242608707796246,0.12828755865344724,0.1496874934672105,,0.0053971231331176595,0.41339275518267454,0.2760303400239125
2020-09-30,BAC,33.239082132199044,4.889160190737321,-0.03768719787619462,0.016403318675341644,0.44436421758836125,-0.12813135691568428,0.4866065568660723,0.2810983209834415
2020-09-30,COP,22.328785758347152,6.490373787345947,0.13358514258044724,0.2685841353556519,0.33292104006581597,0.052628044042912575,0.42437840808716787,0.27345694207325993
2020-09-30,COST,18.300334455561412,5.164483858505747,-0.05161342962913287,-0.06672603057629002,0.49598633807503767,-0.10843784889674174,0.39539382039353865,0.2168697640223768
2020-09-30,CVX,24.424451975868894,2.974572647287371,-0.010069185642989767,0.024698410990159306,0.45864350925809083,-0.0770938629066241,0.4253427807926735,0.1999747695666443
2020-09-30,GOOGL,15.547735209856153,4.730939156007541,0.1726217001997135,-0.05141542227082056,0.3924982664389641,-0.02704528979838222,0.3623473026428108,0.2965484231049902
2020-09-30,GS,27.624144435327647,4.135597021333296,-0.14432294323979372,0.13488916864574285,0.44426861805548984,0.13755780998286737,0.30266688295218835,0.27550454940324404
2020-09-30,HD,22.426288747186845,5.9470365622435875,0.05339149003581644,0.15595182015943498,0.2856703362071159,-0.004422314320703086,0.3411132451272532,0.2029481894744246
2020-09-30,IBM,26.672406766895254,4.41799432536292,0.03664743888584088,0.13240239887296876,0.5179067749613291,-0.03260659121242421,,0.22519030955476912
2020-09-30,INTC,25.30990253117154,6.036061286964128,0.2928024042753543,0.13600125464913634,0.4801072184487969,-0.013163238538980548,0.39309604348242866,0.1899514806890379
2020-09-30,JNJ,41.84504517604664,6.304585202672595,0.09423078967698528,0.09984348643990704,0.366460307567753,0.19053668992471093,0.28709414745098294,0.18424533383672106
2020-09-30,JPM,22.15936052979333,6.448656020845448,0.10533554612892113,0.15819131841743594,0.6280974978238345,0.1705921218293155,0.4758016660584383,0.09462773117867038
2020-09-30,LOW,37.182948862027686,6.407811493488639,0.13483000905251089,,0.45498372831664463,0.2584625738988954,0.39930111225293885,0.2205673301455358
2020-09-30,META,37.28829642579859,6.915099930879825,-0.0025827638017779236,0.16309136534628116,0.19130966635778957,0.20247946600524738,0.31870300444654903,0.1757564179106073
2020-09-30,MPC,29.910516221303382,6.348274637859738,0.10900831225579573,0.10560881243817064,0.4288412473225416,0.21729012434333084,0.3792847551828543,0.17474730365278346
2020-09-30,MRK,23.813770125210358,3.7308349472548263,0.20311503878218162,0.06953192269786837,0.5332075725479297,0.13750508951383844,0.28338314188521185,0.25764756253733967
2020-09-30,MS,24.81305590399836,5.739764480352923,0.03441468760768526,0.06372065781151129,0.47998509457069366,0.032109259910425236,0.3198207584407123,0.2903867071123136
2020-09-30,MSFT,16.03244420459404,5.9214026624233,0.25396417790455017,0.12925617369571932,0.5598580401068599,-0.013812805144768514,0.2749882272801066,0.21068079751613442
2020-09-30,NVDA,44.208067965745116,5.66987521592973,0.17279261824977266,0.19761963497209245,0.454670275152609,0.020485927036505924,0.2981261383368062,0.2010230014135752
2020-09-30,PFE,37.954155268440516,4.060724515497612,0.11382669424424344,0.07130726371138953,0.4277713257698673,0.07234434408650195,0.274415986464855,0.23631753573021932
2020-09-30,SLB,38.74880484432164,4.845864675694432,0.18445246137698706,0.11361598731236083,0.2981268814730059,0.2584223302543205,0.46347724681480396,0.1826538095756769
2020-09-30,TGT,24.604049655768,7.065896509494711,0.073760386100022,0.09933665604230377,0.6423111645284222,0.08444875334462641,0.312844345599741,0.24170801575929263
2020-09-30,UNH,41.065062403915434,5.0563665847169466,0.13955054212975324,0.10401541586116302,0.7246253481778498,-0.062328036772098167,0.25065805479937087,0.31199422929444476
2020-09-30,WFC,20.26587051655309,5.943199218950621,-0.02271880081903281,0.165326988380301,0.3983578475339508,-0.007018561603104462,0.3355921525725084,0.2845982229794752
2020-09-30,WMT,22.474760208941564,5.785631991218304,0.19460539591607118,0.1186591088197956,0.5751072920225028,0.19135822712527342,0.3075910948210491,0.23217504459077778
2020-09-30,XOM,42.04827038310566,6.219905748565752,-0.014584118933239229,0.2190293544307572,0.5509404673296419,-0.07072292241061293,0.415211612662353,0.20765206521408505
2020-10-31,AAPL,26.22307312183933,6.2765149204065915,0.22318869558764864,0.16810113469432936,0.47437205738747146,0.3215529328875243,0.3176817634111323,0.17456245521682073
2020-10-31,ABBV,26.882542001920704,6.830145345515935,-0.020315528615146336,0.1540651566534355,0.4154628407105027,0.19908337678632973,0.2833637163326279,0.2682549347291233
2020-10-31,AMD,34.183113885132194,7.053604719877383,0.0954800386155652,0.11246656905849796,0.5086750986721883,0.25327603275581273,0.33624804847063144,0.13246885614606618
2020-10-31,AMZN,21.26386275964423,8.031462970737639,0.13292647622437423,0.11793894809302681,0.6728661771225952,0.2798089392134115,0.39251707530846647,0.2384324063921314
2020-10-31,BAC,24.776506835523755,3.878084027639547,0.061791056183238886,0.20666731994923299,0.46068608844420944,0.2895483323129281,0.3740248982491312,0.17712531617914007
2020-10-31,COP,21.74764108927819,4.856574649927982,0.07638921710857267,0.05890430470648241,0.4363280051793752,0.06203556868080447,0.5055026782058403,0.2206629879279606
2020-10-31,COST,27.628993281184666,4.81504299945936,0.08282646505446242,0.23120837341322265,0.5929827020312137,-0.045605197063446096,0.30458195899884344,0.2516751507798752
2020-10-31,CVX,24.19246659152399,4.6270220554635335,0.10554912722247284,0.11200446595090016,0.45300036134790556,-0.13363716495181244,0.4951762442751573,0.2193443170841571
2020-10-31,GOOGL,24.386534978789513,5.667639430718588,0.18872285508412265,0.051725705773949075,0.4895302549010965,0.17739689883369952,0.40202554390332645,0.18492286080368336
2020-10-31,GS,16.594348965909326,6.052580718011959,0.0400530516954889,0.029484158114473497,0.5148973935556722,-0.0004987828881439366,0.19893079091470076,0.2608646785633464
2020-10-31,HD,26.781319670126706,6.179547965334905,0.23878764794857762,0.0398166738138772,0.4055693340859874,0.03017523708086936,0.45184836975270615,0.163235370156945
2020-10-31,IBM,25.330971293310782,2.954270193413739,0.2665413371541795,0.14727752723111576,0.6210068816022966,0.29872349253396346,0.31173785368152956,0.16723106834050475
2020-10-31,INTC,23.0307521155884,4.586641159638763,,0.24615149779046602,0.6216309066212826,0.5,0.3271473568161591,0.22975130814027173
2020-10-31,JNJ,31.809876272149083,3.808783770877555,-0.1380273836252793,0.10024595364463693,0.6118129651301563,0.12251600868863406,0.28931364150361,0.2732215407086692
2020-10-31,JPM,33.17037368331006,10.0,0.14676536167599552,0.14460682553116685,0.6118732965532181,-0.21868873245567857,0.2805957960227509,0.21787930550858475
2020-10-31,LOW,30.507161692186234,5.795856824623509,0.18503550343764813,-0.010129571820557112,0.4807812981829587,0.03258372990943499,0.3373822204003642,0.254139488480047
2020-10-31,META,24.307353811973208,4.338943343770423,0.13627448563792302,0.13260910192265382,0.6304654244709158,0.2676416219419291,0.28974289166548944,0.18380685461409813
2020-10-31,MPC,31.91970402133728,3.3690690119022957,-0.10607438533200919,0.20546194932540496,0.5295748123702262,0.1392635189396415,0.3923970812643258,0.3058583502431108
2020-10-31,MRK,19.129671707728804,4.517380387506742,0.09474218972018675,0.06233624239583595,0.5424906088580168,0.19839922067951718,0.4501125268589766,0.2350126532861851
2020-10-31,MS,10.893480471959293,4.452168031480992,0.02161866562882149,0.08669514635440372,,0.16957048267216984,0.4626760516325862,0.18196054071097642
2020-10-31,MSFT,43.37216374530364,6.542918956476859,0.111351031522428,0.1396099094195242,0.5251815576165473,0.22570726681241318,0.5137325132273562,0.3108177663481472
2020-10-31,NVDA,41.53837485931282,4.525897392562453,0.02734866521414439,0.14000337130186413,0.15423037313366256,-0.1019208786403156,,0.23557480370142495
2020-10-31,PFE,17.76490333038486,4.286790261987166,0.24390819844504666,0.16585664436039033,0.5331574170827703,0.010354659344096726,0.3085210996189925,
2020-10-31,SLB,21.899803618064535,4.726252633017035,0.2775203010159829,0.16039599890703587,0.4385120368325942,0.03937963043924792,0.19118797816417654,0.2310720751937722
2020-10-31,TGT,24.24275479327415,5.854121214297371,0.07409569248512493,0.006040720366812205,0.40822372940369184,0.08062380188136337,0.3433416996320089,0.2078223168034285
2020-10-31,TSLA,13.611623300930162,1.543911057131647,0.029907293724172376,0.05869274832376252,0.46577181237186244,0.014524151320206222,0.3709678910307683,0.22456188613665137
2020-10-31,UNH,24.59482533825804,5.607387045000258,0.2442726673619564,0.21708473146499535,0.5377492524474956,-0.14036378506012936,0.32451168301052064,0.16911304584299366
2020-10-31,WFC,25.959456233781925,6.4416859235904305,0.038649678610023726,0.042414654047867484,0.4707424379933257,0.14004760262999244,0.2747130711461825,0.3128449546389166
2020-10-31,WMT,33.94111759178513,7.389016967971966,0.05448875863453602,0.20320837160950556,0.39832265605713735,0.13023316015719577,0.31809862895113417,0.3013556031686142
2020-10-31,XOM,33.44432245634984,7.01605307460542,0.10826787344674442,0.10054335155784141,0.5241360028687112,0.023573485082043974,0.504540928915538,0.27828111822234297
2020-11-30,AAPL,30.500778520811068,3.80706441950874,0.2576586943142427,0.058814432408107166,0.6833620896326058,0.1974297574693087,0.4085600315946716,0.19015545774414022
2020-11-30,ABBV,21.904034146981367,4.36155030603372,0.2250783071669254,0.005174995582753292,0.5357406595561449,-0.20300171656402874,0.34158420806160394,0.18070412224090432
2020-11-30,AMD,26.453364600678817,6.261913389832852,-0.1268552578920125,0.0627805495401891,0.5946743621488119,0.285387259758901,0.3029015807807006,0.22770423861853192
2020-11-30,AMZN,28.505700483177947,5.650130806893441,0.06593004578032566,0.11843293942209096,0.3747472349994085,0.0967890287429438,0.3187435970825355,0.17603817355908036
2020-11-30,BAC,13.824687944315114,6.535682932534531,-0.027330941063085812,0.1111261369813597,0.40639587725863846,-0.0047638735907460095,0.5138241112797872,0.19525699864267487
2020-11-30,COP,34.54519969800392,6.616218291110718,0.027071323675078335,0.11507666422361612,0.43966103727472655,0.29786685817255065,0.26180987342169487,0.2630279101729267
2020-11-30,COST,34.14593487642494,5.706475727801962,-0.014873116230299271,0.09721814044166305,,0.18979158354979025,0.38536391425988253,0.21319173056030014
2020-11-30,CVX,28.843592730201962,5.790329733893037,0.15704772876820133,0.012741787977109273,0.6476421309775782,-0.05353323074790847,0.4548596621875064,0.30462739186189774
2020-11-30,GOOGL,34.11884764098894,6.357208082665835,0.16612150064724607,0.1795890839391947,0.474278688204263,0.11452323823216537,0.43954190051261627,0.29637951844609256
2020-11-30,GS,30.020515950417487,5.5732281222447915,0.12340165541727015,0.02388059230663618,0.43739088562852907,0.1657034226977338,0.3482125316591445,0.1609945004214859
2020-11-30,HD,26.71652821916091,3.567620559741985,0.01862587711644126,0.10587660543343647,0.6454056858838544,0.22902309013661393,0.28803003326430915,0.24886009037602624
2020-11-30,IBM,21.17958791709148,6.271024209766017,0.0576228282262497,0.18773294994508727,0.5626789983125133,0.2035760518229861,,0.30761447859129754
2020-11-30,INTC,32.72576917343977,4.234960060179663,0.013825084975622445,-0.018034638489083932,0.5442051116814387,0.05474910422333406,0.43524457623670687,0.2874191733063662
2020-11-30,JNJ,25.870511924440432,4.489582490984943,0.12809323015440396,0.0824743569919584,0.2679612166435546,0.2913247176996968,0.45054123594462564,0.22610185067001246
2020-11-30,JPM,25.874347152384324,3.6405080174013973,0.09035176384076457,0.09275297252031664,0.45453679573881817,-0.16334695632255494,0.4543637760664656,0.13377085046052067
2020-11-30,LOW,32.010677319367,4.694681068102265,0.22291036934764752,0.12685150413458787,0.35523849726787304,0.022735580560037646,0.3692847666217187,0.24058321060235233
2020-11-30,META,36.49513039454674,5.771285652101945,-0.020325787660689265,0.14110810351029116,0.42374715763164456,0.14465220624988065,0.4320536834554868,0.24749161887369805
2020-11-30,MPC,34.71871729861528,7.492883020904398,0.06720200574310395,0.03646642908716684,0.49128256977127666,-0.0484614005690861,0.35265155535301757,0.20342055031814674
2020-11-30,MRK,21.334195900002552,4.286150214302275,0.06176017724024927,0.07092200927307318,0.6242331233982568,0.02979631160828658,0.3038166866418373,0.20922770820991704
2020-11-30,MS,30.278264704594008,6.982096016680316,0.09067305867191836,0.19348207064709375,0.7174270137525662,0.10021600832772454,0.28196368965588625,0.22612078338877767
2020-11-30,MSFT,24.778221920514813,5.723868412213575,0.2888013653429113,-0.01999139159277548,0.3447398445290355,0.2882381458021266,0.3560020930771892,0.320667891165479
2020-11-30,NVDA,30.27235638714969,4.585327529517508,0.05411570535568822,0.04904578940009196,0.4939616636210722,0.015124525879352799,0.48340543375849854,0.20001081886131936
2020-11-30,PFE,23.116461019037754,4.146924190735846,0.0465169722447482,-0.021151473093746848,0.5017467096348058,0.1814027337523606,0.3936880192230032,0.12831663131673285
2020-11-30,SLB,23.040491372687164,7.522576437499685,0.10612165417140046,0.11764627877828816,0.518736866303917,0.17237209253002528,0.32712053617351616,0.3098348209264665
2020-11-30,TGT,29.49990824555604,6.9185864355246744,0.023438188413088312,0.015255674654275173,0.5063966034254421,0.2127397713589385,0.38717143149138444,0.18489003359246278
2020-11-30,TSLA,27.082338597297625,4.479376074448398,-0.03671672498256917,0.10517807990974971,0.5022419411148814,0.20693254842313125,0.31976572936912767,0.22185518359914505
2020-11-30,UNH,21.75128917254803,5.546463367142991,0.08915942077148613,0.0910287554988838,0.41736012619343077,0.044253919956654696,0.2816515136551764,
2020-11-30,WFC,11.14893253656221,7.148734585496444,0.15948786463003284,-0.029645420880285864,0.6260050664071959,0.1303446304754946,0.3228382307282176,0.2575780687262129
2020-11-30,WMT,40.432584525854836,3.7783360895162197,0.1507657682273673,0.1719556737058726,0.3244051709351334,0.18112911435785672,0.42932254210873555,0.2292610813999269
2020-11-30,XOM,27.963357361105487,6.835487810193776,-0.004187107175498056,0.028167182766165935,0.7416524452444035,0.1549856161750895,0.3488471201074402,0.28366054862449386
2020-12-31,AAPL,31.42751367356027,6.565956039083798,0.08928538150088415,0.19057885600554583,0.5855099974872447,-0.036442729696190584,0.39141229499730607,0.17648230554514455
2020-12-31,ABBV,31.9259495907241,4.235347757197839,-0.08610031057025153,0.2376666257649192,0.6064894240273468,0.0899806236313444,0.38017796763004735,0.20823346063549897
2020-12-31,AMD,23.19845523852608,4.846342420310749,0.19111795365940545,0.11911003876169036,0.6233567360269808,0.2591503644976325,0.3574354120376576,0.16958153009168048
2020-12-31,AMZN,24.607223360960297,4.380299285323276,0.20929705308675806,0.06268719955398099,0.4185261187908146,0.18019403740340473,0.3402649145594865,0.17993731279731712
2020-12-31,BAC,39.172148460916624,7.11088517763218,0.046256855425859215,0.15482553118066628,0.689458581801084,0.220878299599866,0.2940857480861207,0.31055302163503257
2020-12-31,COP,27.342044967142954,3.4974017147914456,0.17467786606229563,0.1837912664940417,0.6781019260994203,0.07630962427263127,0.3392207160741973,0.096392793501799
2020-12-31,COST,27.095206456516674,4.480156959785668,0.04989795975332433,0.20208131601861723,0.7139942863153393,0.2121967214575199,0.24540347999764975,0.2332079669544232
2020-12-31,CVX,31.35429835733353,4.155131310627955,0.22531101680306326,0.04132282786240803,0.25210425444550266,0.2257541302039113,0.15641180473285682,0.184320963315103
2020-12-31,GOOGL,25.42530808579109,6.0872245859743614,0.33050294816881753,0.14067083666927915,0.6142404547615437,-0.039665900930451414,0.3429378553454089,0.21562092434999364
2020-12-31,GS,32.06366865065747,3.9258349005750155,0.2467321060934191,0.05336725744326153,0.4636592557881372,0.20490339413268585,0.27057457464943335,0.22996654900091115
2020-12-31,HD,32.46258284354931,5.015889431006848,0.09731878773986598,0.0748812960171766,0.5044331236526678,0.047213508943990644,0.17669467740888053,0.12727586521211537
2020-12-31,IBM,39.27009085918973,4.648632060306638,0.14437268388945526,0.1233929264159023,0.33263085616860966,0.4854848732406698,0.32515154270800145,0.24246038383304466
2020-12-31,INTC,27.960827084724166,6.647087461911158,0.16745369858095094,0.12181391785814333,,-0.0004947952014438262,0.35025699013955597,0.22316621546565923
2020-12-31,JNJ,27.9348715726602,6.001991323117521,0.007556752181220719,0.04245811992403518,0.6272630474036403,0.22037733795517916,0.24360693402738975,0.3137385004925691
2020-12-31,LOW,28.051483525830477,5.261820917685599,0.22049533949616673,0.00914857315095724,0.6475803865511456,0.03609512763627988,0.494756525678685,0.32187202157168915
2020-12-31,META,32.356726382427176,4.406728367788009,-0.020975889643979576,0.07196617170929201,0.3026060774852485,0.033399743121446474,0.17072583664150137,0.19076509342922
2020-12-31,MPC,24.830725194211244,6.1001874734264145,0.2500904011774283,-0.05490125839577452,0.6154191863110384,0.22739503644367223,0.33208678154197324,0.26552601307825285
2020-12-31,MRK,17.428787318632537,4.424099797510096,0.06854066696280278,0.09814038661418063,0.6986689557871653,0.06760945253770151,0.3966028450127787,0.1351078269980439
2020-12-31,MS,22.25099822810437,3.389332781214469,0.022164094526580247,0.17049398237169988,0.5416063360273309,0.10745210663127903,0.29935744632070294,0.12253907229599938
2020-12-31,MSFT,21.0124224039738,4.902772946817024,0.12700931430471676,0.08703648111101742,0.4267861090700473,0.1320031396456725,0.286510616044621,0.24483234293126496
2020-12-31,NVDA,30.158210650348785,5.152344795938858,0.11467211973169242,0.20875228287368175,0.7279410864928666,0.2766131806403491,0.2518842128309074,0.3142063730772666
2020-12-31,PFE,27.973790463495998,4.72933852447318,0.05495445678642578,0.12794128792562456,0.3327526367179228,0.06477566836524029,0.32523664683101483,0.1726223314227908
2020-12-31,SLB,30.9807126542232,3.517507206281098,0.08158889952113237,0.16133184079222956,0.45918940733541563,0.06802185971184113,0.33849849372281504,0.15111531096669245
2020-12-31,TGT,29.01639840517548,6.2939619743158035,0.1468792308046263,0.10054807556026132,0.6679522156933684,0.12326357944309765,0.36125844179035427,0.12978473681214364
2020-12-31,TSLA,35.95819337302737,2.7417281996579135,0.19435224741095547,0.0643495303802088,0.41332305302202255,0.273068713285716,0.42306589973323694,0.25795958778323397
2020-12-31,UNH,21.788393324119507,6.401560298515825,0.1431985282429079,0.16726698652751165,0.4846947337742222,0.2159104461892281,0.16309852036436862,0.28343572777492554
2020-12-31,WFC,35.87979339937938,5.143200083630747,0.23529183843878487,0.10103219759631953,0.7548208343780838,-0.06978441974855351,0.3916631821384511,0.21280448800321933
2020-12-31,WMT,24.594537003203644,5.372657250686223,0.063671324716645,0.09126290255989422,0.5702272944355397,-0.06727971076958594,0.2931080582410699,0.35536938263075263
2020-12-31,XOM,34.03663711381198,6.44411703524825,0.12461041412425351,-0.029647525126201543,0.5252156876780094,0.07689917643796391,0.19735404539174284,0.2559297089261928
2021-01-31,AAPL,33.12154816734467,4.630537777488373,-0.012898743412222247,0.08596884268410358,0.6262317697004227,0.18289354451873607,0.2993544408917779,0.1771891833328183
2021-01-31,ABBV,27.91862434728454,1.7060054255421844,0.17216719342339842,0.12974486103535143,0.6640819992986202,0.05221820007737749,0.33973116345596005,0.2503164486109659
2021-01-31,AMD,26.844607704550235,3.127628011334589,0.3066173903316571,0.18842765698323075,0.6193867198235714,0.3042126243479881,0.40365970857919653,0.246214454462782
2021-01-31,AMZN,21.512270526976245,6.878975552972508,0.09616320271197483,0.16919267478764877,0.6608408597030856,0.07450045369600643,0.2901639949558491,0.19070322084305022
2021-01-31,BAC,38.259322313190616,6.857448929530811,0.20293209607034413,0.11651991252504734,0.43596713596519726,0.32415005366797656,0.43288233968436496,0.18865822419244127
2021-01-31,COP,35.910192370931256,2.940963079023672,-0.010273211766705925,0.07614570900289366,0.5219310669023837,0.0635750201105694,0.41815679597571487,0.12869045720375105
2021-01-31,COST,36.89934723229705,7.487687982858812,0.13325813545105625,0.29273345361965997,0.4571014812959703,0.14609818445266617,0.333390179316383,0.12503900709986682
2021-01-31,CVX,27.772520289345326,5.982595754796849,0.018470238814670747,0.09867975622915748,0.34731225149881917,0.2229269789674588,0.20091108891083279,0.23274898971211944
2021-01-31,GOOGL,25.134658063214623,5.317194709013527,0.06201557120985397,0.22331226372966695,0.47669616574172136,0.1323694586281468,0.4096036089732408,0.282668311176119
2021-01-31,GS,32.14752486787117,1.3796370029436713,0.11513356012068726,0.0917822324341179,0.6327643947974508,0.021774451658586935,0.3129438217335139,0.24371288977415062
2021-01-31,HD,21.93753593020729,3.6051683746134673,0.14798199373287002,0.10390332303251987,0.46082605055026993,0.02992648430137075,0.3760337261728378,0.19705810678766114
2021-01-31,IBM,27.008093293470274,5.085378970524005,0.221779801643893,0.05077239139972069,0.5152219097916994,-0.2375184460247077,,0.16347078349765268
2021-01-31,INTC,26.33627882196784,4.766382189242495,0.15301434851056195,0.1291624725381063,0.37633894358629266,0.08019200250009192,0.29029102133717805,0.3215470863214146
2021-01-31,JNJ,38.661921780440515,7.169755597965692,0.2926507697729164,0.113639249024969,0.4737004585743,0.2468490346538348,0.4152919544622037,0.2157771095482602
2021-01-31,JPM,38.36021243590199,6.453249613500599,0.04904748472659069,0.1678058482622092,0.47903637186078535,0.15906746260022323,0.4230736212147483,0.24544293843573906
2021-01-31,LOW,25.52628859015204,8.327974965082479,0.049135766237638316,0.04877083064003492,0.4723935033406854,0.1996889410175369,0.539101005541089,0.11872696057019883
2021-01-31,META,9.840187657644968,7.361754286194259,-0.011815423214333723,0.21129561370458674,0.517512448731064,-0.03097422451848139,0.4592118958657401,0.2682993303102885
2021-01-31,MPC,21.457408015258263,5.519807462343464,0.3326901315191353,0.06663298263168019,0.34545930956679183,0.16935758463084077,0.3455729248353681,0.21263489028155938
2021-01-31,MRK,20.943602229555417,6.082358468033378,0.1952459859486153,0.018387032692558383,0.1,0.07446810012225609,0.21463997585547417,0.32432120815734533
2021-01-31,MS,39.20446176400727,5.446256286017801,0.17693448546257456,0.18085300561841672,0.15153298457183184,0.14414799984717808,0.30780783654347005,0.32993305767911135
2021-01-31,MSFT,26.410405680077982,6.350918333421402,-0.018179662874294747,0.08672751515193101,0.5198872765013612,0.10704171531790439,0.24960140903451183,0.23770263959157867
2021-01-31,NVDA,29.955931386382847,2.3001316438062145,0.242185387160254,,0.4622134373561809,0.2019248200449152,0.4250749393407435,0.16806605557429455
2021-01-31,PFE,35.50565276271842,3.8010220061923974,0.047822411699771555,0.03508294540096271,0.5547319475049316,0.3429818305933704,0.4197530344165448,0.24714687655322395
2021-01-31,SLB,26.213581585688893,6.726115713214564,0.0989923745982423,0.1978323674179746,0.8792286445042558,-0.01797929862588285,0.4133984418246994,0.20217490717323372
2021-01-31,TGT,20.622430602163107,3.1090340018310347,-0.06786584508454283,0.19573746147485271,0.46867328541539854,0.1372760955049083,0.37389670915431833,0.2319896186402757
2021-01-31,TSLA,30.207972329673343,5.060913774747191,0.2798573617678872,0.001555234778918238,0.5192833794954108,0.07598167099643484,0.42655009880795325,0.19756996670887877
2021-01-31,UNH,28.422017799570007,3.2264477932721904,0.23191269694500743,-0.007078619018197757,0.5079553428489112,0.03250435580062837,0.23410929829842583,0.21666697863263756
2021-01-31,WFC,18.63547266938955,5.595216969008833,0.18543418340173595,-0.05023276436439565,0.6779575322908988,-0.3,0.25673768870769953,0.28560155793611514
2021-01-31,WMT,32.478394395960045,3.716729189067833,0.20959211721503046,0.10702691489457662,0.4945098291980182,-0.1582343257397991,0.44516598266430984,0.15851897962568098
2021-01-31,XOM,20.593981006455955,2.601000247684137,0.044937660808870836,0.03457426004922019,0.6122739544454203,0.044896243424079364,0.41093177278943616,0.21514831355610492
2021-02-28,ABBV,31.974027953021263,7.531432164921389,0.19689468231635782,0.009107002555019214,0.4375633784990739,-0.08644720118284102,0.41384137467546295,0.31436282529859527
2021-02-28,AMD,27.753546721690228,6.888263066432658,0.010724925621357531,0.14972688159997338,0.7183903248023165,-0.03412814136772957,0.22744544333640887,0.2827758429131339
2021-02-28,AMZN,27.445459983977237,4.306649253821074,-0.1680002844577301,0.06131113249485528,0.5564095804623153,0.16964488256978508,0.17865553165374803,0.11773596494737415
2021-02-28,BAC,26.292886869071285,5.949969240486441,0.03986735630083878,0.03713299369012639,0.5986664584585853,0.03444524111871908,0.4595869672656535,0.15531303824197884
2021-02-28,COP,17.82967769504952,4.777079829187936,0.14895326713077905,0.09740579221037843,0.3893904957465854,-0.023813479703734222,0.4304787603190484,0.24530433672921936
2021-02-28,COST,36.40692562505296,4.045410386538151,0.14868212983086604,0.0997542614966271,0.5048736109135488,0.05797362479110757,0.44849443720731896,0.13994862362608795
2021-02-28,CVX,27.568660354886003,8.025297213357875,0.23242214426210778,0.19499823780837916,0.5448695586465453,0.22099389469390152,0.25822914091949434,0.20294546593078386
2021-02-28,GOOGL,37.175453616473646,5.136968690888055,0.007319915889274303,0.0072749604725440425,0.3228015942476203,0.09730059195824571,0.38537856998658504,0.33986047137229025
2021-02-28,GS,24.33506234168828,3.713380472012017,0.1391175627784779,0.05451608277004712,0.5098332940925122,0.3200845619696525,0.3405563459416424,0.3532542745457081
2021-02-28,HD,35.11279674800521,4.826597459859313,0.14736250363336678,0.02066643314436256,0.602932317708629,0.21178101694547052,0.3031385592867555,0.25189085472927386
2021-02-28,IBM,18.70902163343882,7.5681698702782825,0.21691041348157325,0.26776803415510897,0.5932729816916444,0.0610378958577985,0.44197615295836723,0.21567871548380455
2021-02-28,INTC,34.26968040461149,4.828358351648993,0.0733802316978322,0.10988040371856092,0.4172422908925335,0.013950550372841847,0.41081034841215935,0.3062788718002569
2021-02-28,JNJ,24.602297391378535,4.4763186807655035,0.06389987719497654,0.17574205459812695,0.4151012111804841,0.08656130423396868,0.3987375909231716,0.18111539933305
2021-02-28,JPM,25.46765152895825,4.688125449288836,0.08124382966343988,0.10411519322277679,0.4609012645643961,0.023552866858056146,0.4190224753373751,0.2032528959241789
2021-02-28,LOW,19.415667854095958,2.4633029794358205,0.16323174461396878,-0.05783515901612303,0.5863873910269145,0.06357884604089653,0.28004547231452553,0.2232148626299829
2021-02-28,META,46.27897082654489,4.679822446706553,-0.15626672714638143,0.11415774304507992,0.4467945314669337,0.16487041776620154,0.3237150632879688,0.15251119908610536
2021-02-28,MPC,20.915437899400214,3.0048498117151965,0.20409892077559583,0.21079976784088364,0.46405610429296673,-0.12545168486936312,0.3062593161554147,0.20124296497508762
2021-02-28,MRK,17.83806055891314,5.2845169479186085,-0.04260425821429825,0.23401531360952077,0.6432795290791885,0.14028972988202323,0.2805593319777415,0.23590238839479566
2021-02-28,MS,20.22670560805046,5.465066391271686,-0.05861419112034316,0.09124947237428768,0.5719606353686092,-0.10184346811498587,0.4395341330740201,0.28040392741497466
2021-02-28,MSFT,24.2210037685697,6.342244813281307,-0.09770114945857944,0.10118742198537117,0.528873679796976,-0.04143448885992837,0.4577064057993283,0.20913478423532894
2021-02-28,NVDA,40.38564001626323,0.9032492837164732,0.1846391949974128,0.1361249913601747,0.6061840028125872,-0.01807209757802225,0.4917372882467142,0.19670084243944858
2021-02-28,PFE,25.327461404404676,3.787635740001827,-0.015973698388685495,0.08737825565607324,0.2727810175586849,0.24795423973447753,0.3740896014597571,0.21529632663846085
2021-02-28,SLB,27.110283932933598,4.291614589578635,0.07505731968898402,0.07703892914156962,0.7061200090912045,0.20834745366386465,0.28917644879296167,0.14218494101990026
2021-02-28,TGT,37.64213450769427,5.084552687268434,0.0745435647092332,0.09930411193684967,0.348298652390988,0.06565007996371344,0.3702604729663099,0.2778836462360491
2021-02-28,TSLA,23.643425219029467,7.072008786219617,0.045481037579138434,0.05538696293719789,0.5433964090498639,0.32539413800294553,0.31982713287660347,0.24810183633160013
2021-02-28,UNH,24.757902445366007,5.161931824658382,0.16855752891094355,0.06060340867271083,0.24534968939878882,-0.029207692591749823,0.2963860348119962,0.206258013667844
2021-02-28,WFC,30.668363337122077,3.86562523190807,0.07908076049239507,0.0690469402094899,0.22744136883091404,0.16404002746014357,0.34320137688275376,0.20504044507625638
2021-02-28,WMT,25.690764183746133,5.0584471731042795,0.16996936493564424,0.199024833241142,0.7354450736100643,0.0964289193085677,0.274664051840269,0.27053324401681483
2021-02-28,XOM,26.797379141065182,3.6289132254535454,,0.19800859443612612,0.39762640159219154,0.10209101749737792,0.32779021298640326,0.2636490068399349
2021-03-31,AAPL,26.874576133640815,3.608592861223342,-0.03414892057486291,0.061446731900038826,0.579612718969568,0.19184775953784133,0.3286471510962979,0.15910749555473613
2021-03-31,ABBV,34.97369881115455,5.997208852629187,0.13711699035655248,0.07638070126916618,0.46051770333126596,0.047859259770015976,0.3710701054572163,0.2523053108074836
2021-03-31,AMD,44.637951361313014,4.8255035803104915,0.03701679779544584,0.06576182515789468,,0.03405408396984516,0.38275380161364403,0.2008492997637875
2021-03-31,AMZN,42.15483303446628,5.343151629687028,-0.042753621698169236,0.026125534022022,0.6275549772085622,-0.035837884532548464,0.517384200789901,0.10480168282292858
2021-03-31,BAC,24.386260864738556,4.325753340491652,0.15546558292596985,0.05592166452646551,0.6325162117047299,0.008971312340632753,0.29105206041137044,0.16909600637792038
2021-03-31,COP,27.497113521917637,5.8752757248495096,0.12082696334895757,0.2622239128090802,0.530135769393331,0.05068513876210892,0.3928760877284733,0.2920032126021238
2021-03-31,COST,37.763607410848586,8.569424721612542,0.23091532064441142,0.14133916996676027,,0.2178547481849977,0.24514694051374233,0.2332105358798529
2021-03-31,CVX,26.162675891967197,7.46128170647652,0.10618919087323327,-0.011199668961277179,0.7208908278057877,0.32365981796154764,0.36230253872837487,0.310092120891876
2021-03-31,GOOGL,39.89523678700092,5.411428717822508,-0.005221841971832328,0.14327864400297063,0.5104550243295792,-0.1293675039647726,0.24425039355342928,0.19085945900398119
2021-03-31,GS,31.717851127948848,4.859367373401933,0.04982264543496921,0.08094688018728663,0.4653832827681841,0.024293863031489185,0.33231523253241735,0.26457823120628027
2021-03-31,HD,32.492170994783486,8.648246822126588,0.3109017622233493,0.12464080269104194,0.3486825714318228,0.08504904167653535,0.17212817990538004,0.10756975284589225
2021-03-31,IBM,18.324350647580616,5.233198915516751,0.09843367644804808,0.1073595352565601,0.6670712134351784,0.0440201374931671,0.3699557381416537,0.2227751959981938
2021-03-31,JNJ,17.530961865402613,4.259597443479395,0.1772001650561791,0.06649104755313773,0.6953350537936072,0.09815352408049526,0.2374178813587398,0.20827240209320413
2021-03-31,JPM,29.918262917653344,5.829642407617704,0.2677564927121102,0.14735872494097418,0.6406822044318815,0.019433741081318595,0.4434418063898894,0.36639553899616073
2021-03-31,LOW,,4.910362618541557,0.09177573432490432,0.039099070103084305,0.4854162456653054,0.15542248773634285,0.38921284902143616,0.22059425474318703
2021-03-31,META,38.72785260263607,5.269358266414318,0.0920565801707721,0.09819021660634573,0.45630292634424396,-0.18685919206074644,0.4321162973707041,0.21804743218653713
2021-03-31,MPC,23.142402352711635,6.1261615168931485,-0.07861499757738838,0.050171557554985,0.558764794932804,0.19418898799895756,0.3525312435131511,0.17514256046563795
2021-03-31,MRK,28.05627778856535,6.111139636766335,-0.023025048039851323,0.03754579540787574,0.4565200330658563,0.12460350277878947,0.3271106820891413,0.1719342614772857
2021-03-31,MSFT,29.14675144171408,6.2014499309650635,0.15305951907890358,0.15818594881273623,0.29339974981762174,0.1365005437535373,0.4566480616498384,0.13897516942290386
2021-03-31,NVDA,28.957350769545485,6.433654833733728,0.00831341878759373,0.13672614591437063,0.5660028863557236,0.2098294498034336,0.3989845079447244,0.2659522600073959
2021-03-31,PFE,26.221682037207874,6.563355756305119,-0.026240962255700273,0.11555920525177958,0.46515732163241996,0.09977957943536817,0.22605209603083365,0.2028433447084326
2021-03-31,SLB,22.236571984914555,6.040463908570446,0.10904140830668406,0.162578636516841,0.5072003088552954,0.07075033149409313,0.2729741338235432,0.2794204408426182
2021-03-31,TGT,30.319457708745965,4.76261984680803,-0.0324701501671269,0.19765074148765285,0.35943106311662804,-0.10794339085784274,0.4159369909474293,0.35795104211336903
2021-03-31,TSLA,45.534857508382984,7.14400104951714,0.09728731034520685,,0.4409983742916832,0.07801754535753998,0.4024059967880739,0.1765203669917782
2021-03-31,UNH,25.128058135473292,4.576887198957798,-0.013327185222475599,0.08232008147481325,0.5900598493943006,-0.05185996072684251,0.17905893415714522,0.26029098947826823
2021-03-31,WFC,33.62031906985538,3.924116810599125,0.160945136014275,0.07340077228252073,0.3906984552099865,-0.09065056290460186,0.5535927979441885,0.2767634532598162
2021-03-31,WMT,31.49965425249824,4.880826735563625,,-0.022066301005982003,0.3073042056328066,0.07393638181735913,0.27060116598814604,0.15736207501856941
2021-03-31,XOM,27.318447693605403,6.183535297789278,-0.00780103494614115,0.06965481045403196,0.7881869652455202,0.010870480611065575,0.38579090010718137,0.20707759804936313
2021-04-30,AAPL,24.935880086155688,4.891860509679596,-0.05864820663794609,0.03865000074064284,0.3471546656906554,0.043771639094414144,0.3828059460651157,0.17069706717993371
2021-04-30,ABBV,18.624123575804493,4.004175899337097,0.062406985323828754,0.03976855789886954,0.7940804101514627,-0.0069574371045094535,0.3814130233331002,0.2822800094869946
2021-04-30,AMD,30.274780794995106,6.424698671069073,0.15076655341030704,0.13406688772853462,0.667122694165249,-0.22954078777132317,0.2759935300170481,0.19484902264960494
2021-04-30,AMZN,26.186529136071194,3.58501216207796,0.08410776710593651,0.11363237889261124,0.5707677430772977,0.3658742683650573,0.34528773608217905,0.369390510643385
2021-04-30,BAC,32.21364159389902,5.3833751916727035,0.02796109157132727,0.1579717350710525,0.7088822835138232,0.12641061501190862,0.37575039384035125,0.33056202005321705
2021-04-30,COP,29.738553998047184,5.3622628444687725,-0.029728049018051123,0.1326023981825728,0.7762565112773012,0.17459692738436333,0.2740558518715096,0.2340634772097407
2021-04-30,COST,27.52521731321717,4.071566151964366,0.058510767149596216,0.1998896252637835,0.5526141587963205,0.019904261872652096,0.3170029350057779,0.24043579240583776
2021-04-30,CVX,,5.6002853787710745,0.04656334950341272,0.09048000272265849,0.35080748374053616,0.1490710848922129,0.3325309320672865,0.1786361981820853
2021-04-30,GOOGL,33.62224289465894,6.558826619979159,0.07101044837837371,0.06642436046222183,0.48418519287132644,-0.014279347404719075,0.16665312215655356,0.19480084638725786
2021-04-30,GS,30.445023648572533,6.5308204866621455,0.20465873711450716,0.17353255754271377,0.5230547260084273,0.21210068941280108,0.45255129033253105,0.21147614155106306
2021-04-30,HD,26.47202010617202,5.3281931738375485,0.1617722584175197,0.08495512705134746,0.564690341950822,0.2619257081899607,0.5119838927051608,0.3084537143753336
2021-04-30,IBM,35.63356133555497,5.360960326884276,0.2065025319258641,-0.0445650946891563,0.40447726694666286,0.16510213139567187,0.3008194608431875,0.23681856376597005
2021-04-30,INTC,38.55176949517262,4.769492619161226,,0.029298294743144285,0.7290293982166798,0.06471573770998362,0.310493772682778,0.20627531634445812
2021-04-30,JNJ,15.641516410053114,5.424923149995042,0.09768374423406537,0.09332243349884489,0.4956477769666648,0.08224887456859704,0.3275720266933452,0.21359271703697402
2021-04-30,JPM,15.474836138550296,4.777647926157059,0.08052613691785779,0.1666244124945031,0.5801033436807513,0.3030610894568348,0.3761810929246109,0.2036932457883264
2021-04-30,META,17.08278171047626,7.051492494259621,0.026998280405524544,0.13996726178796934,0.2507154798800424,0.2119912376445366,0.3100923062640751,0.25129764363952306
2021-04-30,MPC,26.602911968150018,4.665972126253502,0.07127261807125515,0.20019448980617527,0.38509284645840675,0.0238466575924908,0.3759889481884575,0.23939478010652443
2021-04-30,MRK,29.51064332935809,4.887588564473402,0.04846487434081139,0.16642018077935888,0.5149493588081346,0.2190606044973757,0.38016415778728435,0.18550667356376066
2021-04-30,MS,27.98723948017295,4.608890771526657,-0.04635688061550233,0.15601882629388197,0.33568072362968204,0.0336902825587153,0.3391134478030734,0.3085939220113804
2021-04-30,MSFT,15.152569433555318,4.32416692181757,0.1646100156238816,0.045172972522545686,0.3549399489258678,0.24045888974248178,0.5432260679649223,0.12826615027793614
2021-04-30,NVDA,22.01493694463195,5.802824948945954,0.12092405300589976,0.08892935145088308,0.5752678889422562,-0.046751636541588426,0.32451620416055665,0.33453741072105314
2021-04-30,PFE,24.096404641473992,2.880880793146354,0.1392133291212536,0.04109734577525733,0.5283671918254667,-0.18733037541753847,0.39336314440813863,0.1252720586416608
2021-04-30,SLB,42.96507357745746,6.2581277812129,-0.0333722394784568,0.11534946720776337,0.6711385550265094,0.011843199318857009,0.35104651655654723,0.2527122736734733
2021-04-30,TGT,18.476468414246252,1.8241920726943643,,0.08043885749997408,0.5829834380083809,0.19693488459166064,0.30253887912685085,0.2138545106594375
2021-04-30,TSLA,34.28710435965613,5.041164984948337,0.040432414503155975,0.1957535926050734,0.6480144110192446,0.09273804942539729,0.3694345298995957,0.25542517350990246
2021-04-30,UNH,21.18932820538093,6.253777834428805,0.00951639541549143,0.04948862044386178,0.4388811646290598,0.09303956767467642,0.423188632374473,0.2841353543695928
2021-04-30,WFC,,4.684474398713681,0.07274751154999803,0.03753834707879542,0.5868095468660822,-0.0937495404756879,0.3565288477187419,0.2021299163824177
2021-04-30,WMT,32.83222291754167,4.172742797494143,0.1754131063961561,-0.018478320079311467,0.5387706446715675,0.036361068246859404,0.2367878041937323,0.2296752491934287
2021-04-30,XOM,24.626783500421688,4.899949903342237,0.04335290311884555,0.08042055546422243,0.5133433239257116,0.17301209711466853,0.2512450641315568,0.2682353042918577
2021-05-31,AAPL,32.74710517291669,8.684454517637832,0.14469771837596235,0.17412620243631993,0.4824105220587726,0.07206612900472203,0.3461860227798264,0.31468004218043016
2021-05-31,ABBV,31.530014904074786,5.326556295927171,0.2582949253294027,0.15938066960636163,0.21064558152165996,0.018585686573537957,0.41040486138981935,0.24003317770562413
2021-05-31,AMD,35.87318745243555,5.135324190314185,-0.01717282749975868,0.11777112155007315,0.4358924593099811,0.33459200650782117,0.4516027461072087,0.3081491175551183
2021-05-31,AMZN,30.670386960705617,3.5977278182470203,0.03128905633966761,0.11656327299875063,0.5982302376226762,0.007104029763424613,0.26359800719384074,0.19494646426546142
2021-05-31,BAC,17.772535141239324,3.058216585234752,0.0954749972347094,0.0012538524787431837,0.660697068514299,-0.11451566249333481,0.34976884967771815,0.16012227649806493
2021-05-31,COP,18.344902261021417,5.375262349426123,0.17653189620296955,0.08009174389596276,0.4477921514546509,0.036348612160673824,0.32074476411655434,0.18393631965641027
2021-05-31,COST,26.49541787346849,4.001056587315232,0.2438456291877931,0.09495873993927412,0.49948036493754233,0.4762763750694591,0.4067457571974912,0.12619818084613965
2021-05-31,CVX,25.682484172445136,2.5837846788805248,0.1670236502834958,0.19273309327910448,0.4517347082391673,0.12823573157637905,0.3794395685262984,0.24780416776136405
2021-05-31,GOOGL,17.84867995466348,5.072157008635929,0.041687119531381406,0.10386421439128707,0.48268875227198854,0.06619622528080407,0.31968774513328885,0.2983981357304392
2021-05-31,GS,29.915797875995377,4.705265002859807,-0.05885783144190335,0.19547995010367725,0.40767684348839683,-0.00043845658435133494,0.3931126500252079,0.3366536293673017
2021-05-31,HD,36.614672246249626,6.489606168929965,0.12080096040993821,0.10847666512533748,0.5151512504902154,0.13996242999746805,0.2313985743193907,0.1882094836884806
2021-05-31,IBM,26.74054773201464,1.9719549605217175,0.08994857137878828,0.21008231083900777,0.4242630872862127,0.1173135530458527,0.28564613406035,0.1925497239942936
2021-05-31,INTC,26.633557386595985,6.840154587310614,0.08891651324268589,0.24610564431208937,0.5503326752544743,0.07175854434659984,0.3809265807480558,0.2511767668288021
2021-05-31,JNJ,23.80583957184787,6.108323837689775,0.27001743349150875,0.09580162238050371,0.5014771324463863,0.15249903898972833,0.2749537364130347,0.25882618499903715
2021-05-31,JPM,31.398532315733704,3.9862065247803287,-0.07238160385323048,0.23812639738302804,0.600381094375449,0.2649032927250269,0.43555102912842014,0.27180599256942817
2021-05-31,LOW,36.518266960632985,5.236580241187759,-0.06742816484451095,0.027832233063949052,0.5124594742168767,0.22090991942576252,0.5097589056176208,0.18878535317770204
2021-05-31,META,22.130465249907616,8.095530818052165,0.08422415268435537,0.07909186852734419,0.531147866600407,0.14012985298714978,0.411194462188862,0.14778530976987655
2021-05-31,MPC,17.987022737931767,5.479491870785055,0.11524165085491664,0.10473780695848565,0.5246909448103784,0.23013580097073535,0.28831696503420884,0.226528458638674
2021-05-31,MRK,28.75570183229382,4.0602793365701375,0.1116486686654577,0.1519320840803611,0.5613181137236103,-0.27211429562253986,0.3111683206866528,0.17159244728406342
2021-05-31,MS,26.55754921579095,7.286564308478335,0.04419176421044428,0.0006791382323279582,0.4711903787302889,0.13620266830084263,0.42554857672979196,0.2118418648419166
2021-05-31,MSFT,15.330660584807482,3.78246702161462,0.2228159020614588,0.05792303815955123,0.6682360636497617,0.0038590500820516044,0.22124372679348098,0.3463832652185097
2021-05-31,NVDA,32.45972371222805,6.388654283143257,0.22715096046326477,0.2111976664530278,0.7715160761616167,0.05588123080869035,0.46765290552449723,
2021-05-31,PFE,48.26254948628919,6.92718704869084,0.19866668649507024,0.0964981888140989,0.6205904329498715,0.06792141281123705,,0.278946819938812
2021-05-31,SLB,,8.0391998651776,-0.030927701098978078,0.015954912960149045,0.6448438269591589,0.12925003120786488,0.4784862305936467,0.18523698738620675
2021-05-31,TGT,13.475663782176042,3.745578916770548,0.18929980512288255,0.11931054539095806,0.7999514955038924,0.1939040765589558,0.46818597367300796,0.0725437039815926
2021-05-31,TSLA,30.869435247833167,5.376021583400716,0.11476418562081935,0.10692893838439506,0.43093799971703706,-0.13131269949785387,0.1545863639418462,0.1521638968235683
2021-05-31,UNH,28.8872047473909,3.2318097033756694,0.18830472477971905,0.040531121972195175,0.44445085043648663,0.18662659469592513,0.35048696169623367,0.3274202427967235
2021-05-31,WFC,34.372617745861454,6.651829131923332,0.2933586386149226,0.1359119768396224,0.34101157707774943,0.017770459676783243,0.3125906701027801,0.24667809450987288
2021-05-31,WMT,13.034084887314293,6.481299783764797,-0.027453921069163972,0.058117921619815965,0.2789547809006656,,0.4595945398656448,0.15108609038436124
2021-05-31,XOM,24.024452756488454,2.2199095815351426,-0.007318004518560628,0.07419527159913183,0.3887952263853735,0.04421550052369517,0.3133750915458172,0.30167254751048356
2021-06-30,AAPL,30.06768633423004,5.527462844666368,0.1350123907667739,,0.6904783088084541,-0.16982350663187726,0.33765207824805926,0.14700031414070885
2021-06-30,ABBV,21.39286173717515,5.050577144916137,0.039816083298068475,0.16587152755493229,0.2591453598200562,0.24890263797534415,0.36170755266317833,0.2872402847991074
2021-06-30,AMD,28.982056813106862,7.890937000550791,0.04281304512022815,0.04198076022605801,0.45488183342621924,0.35225434554673984,0.12895329147035758,0.11241448761464644
2021-06-30,AMZN,30.126428572063624,4.918371547308627,0.03802407215393638,0.20038858357998668,0.6423927627215305,0.06724151830786548,0.46412798448898485,0.23302933840885495
2021-06-30,BAC,19.40006161362653,6.34207773364932,-0.0853806730834106,0.07194473062108658,0.4823781007531383,0.2683825196939077,0.3187055708957458,0.22660398337129642
2021-06-30,COP,32.9630626455765,5.809968065941225,0.11562424449007418,0.1506130165560797,0.6207684585569612,0.023869244272597998,0.29030743886487875,0.21504255024763613
2021-06-30,COST,32.12053751977528,7.919329159337612,0.1529895424644927,0.18987804694898125,0.4919638946613943,0.28160725745933113,0.39862372720382944,0.1891072425522452
2021-06-30,CVX,29.645540954060674,8.693632061550598,0.13575947055562795,0.10372535482992787,0.33597770858669795,0.2179897126951816,0.2411814456333976,0.1961073544447654
2021-06-30,GS,19.098342894565626,3.572088073465518,,0.2012700272494629,0.408781379032902,0.4250652302203962,0.27334690912062976,0.24939135318810499
2021-06-30,HD,33.133511250257,6.25001536258686,0.2090241699489908,0.1805094727221196,0.5130030236481623,-0.006049312954841832,0.39976172405784843,0.18732318344372018
2021-06-30,IBM,16.922160838206903,5.218380617251989,-0.015801307868995362,0.09564289592759485,0.3982769874228087,0.23671435953154354,0.2712134582437862,0.18321422625078054
2021-06-30,INTC,32.912599030018534,5.228889258154451,0.18482004957484235,0.17407832562714437,0.6944924234137588,0.2220527020719853,0.24524831760890145,0.24054184850310212
2021-06-30,JNJ,35.85901832016467,5.5359488909285135,-0.07453470468761303,0.20212359050130846,0.5878793613974628,0.03423528380014591,0.3888249806483004,0.24048892349580334
2021-06-30,JPM,26.448602111997904,5.235525050304845,0.09092308489926607,0.1293472396191685,0.46976191235811665,0.19389905867035856,0.41838152974193255,0.19873326610450912
2021-06-30,LOW,22.338557900357983,6.401923394300384,0.17684179416038376,0.08569458574500771,0.5415034949585025,0.17219732030016893,0.508128041823137,0.27400511359675017
2021-06-30,META,,6.191940147161325,0.25266304687087643,0.18826164689331792,0.5691681928693128,-0.0922057171141846,0.34666508906278004,0.21350017412075833
2021-06-30,MPC,25.176885959813724,5.59126054814907,0.09340240101466953,0.05652968661531274,0.5809973197326883,-0.004337664297402136,0.3255914720963587,0.15245547678806748
2021-06-30,MRK,23.97116430341087,5.324044836951961,-0.10120175701200029,0.15252908235082596,0.6936911229334891,0.23332006831506316,0.3509807260456989,0.1662031348557979
2021-06-30,MS,35.65655054995,6.741584724754686,0.08477569756138292,0.1329448013551843,0.6252266412969856,0.2778027682488403,0.3721955261810695,0.19128618454110868
2021-06-30,MSFT,26.1284862477434,7.629750269106757,0.18159536162148074,0.05400523130827417,0.4935850490597265,-0.06137959380278454,0.17602094267910118,0.23450125585861398
2021-06-30,NVDA,33.87361649380913,4.796720984071653,0.07048808442921486,0.10197976722530379,0.6633443957771582,0.12401219645928452,0.2507740869688384,0.16692608509082138
2021-06-30,PFE,33.20230161111185,6.578472423444601,0.22446190539239064,0.12100152070361182,0.608113403072557,0.08481331418219665,0.19180353558504432,0.2424609977483368
2021-06-30,SLB,31.26963037903539,5.975397872779136,-0.08337711958623947,0.08984205299456413,0.20247812893445083,-0.04430414130194418,0.3631017620213426,0.19957887155125154
2021-06-30,TGT,35.83341208641942,4.73554369452791,0.24438807771269833,0.09808386259515627,0.4672914067588419,0.10800672018310177,0.2434017199844012,0.3065666562640034
2021-06-30,TSLA,21.26453333987873,5.296018157599711,0.2809643370704238,0.16788835318829953,0.45699874257566286,0.2599167225780694,0.249902608691561,0.18421450726821537
2021-06-30,UNH,32.77765062463739,5.673793055235686,0.20437808247252515,0.15408043103255192,0.3919947070776702,0.14860600711104402,0.4095580143736025,0.18710084567301452
2021-06-30,WFC,11.579434156071892,5.205173963518605,0.13002337946678622,0.18934464563614156,0.3987172631730394,0.2616704188727045,0.25895047808647265,0.20635176186183987
2021-06-30,XOM,28.938288856373916,6.006863776718921,0.2417594060632321,0.006899447114884397,0.6155086196644253,-0.11605378272525177,0.5095319329193255,0.18989160884995146
2021-07-31,AAPL,25.615950275453105,1.5935174845995328,0.016942511996863738,0.11779424813103925,0.6512707698118823,-0.008754965126713435,0.34089733552223456,0.2931864038414675
2021-07-31,ABBV,23.712377232159294,3.0403100269282706,0.08733642793726809,0.08509174518321856,0.23387510375478204,0.2977164178040016,0.4839667256395368,0.18667849933705513
2021-07-31,AMD,22.977508232814923,4.274450054709552,0.04740878109016519,0.20352294288548747,0.3740661804877625,-0.05643773475800387,0.24836505757769006,0.26036049509460474
2021-07-31,AMZN,25.904413169186977,5.10360986231386,0.12243687093999363,0.140043869175122,0.48924974087973716,0.3418599441517633,0.2575244817714474,0.16607704624882838
2021-07-31,BAC,35.160028610185606,3.7425094242414163,0.15241738583861475,0.1357349863084338,0.41996264183934273,0.1186070066182717,0.36350922442541345,0.3048382710784375
2021-07-31,COP,20.776061886098002,5.676187659946863,0.11440462360454381,0.10669011401575722,0.4906835234562625,0.017638374961789105,0.40728997649233667,0.27682706513128086
2021-07-31,COST,16.611427025941506,5.115710857647717,-0.013409081481558366,-0.0724494763441219,0.1,0.2897545251666825,0.3638016957711842,0.24288475816334773
2021-07-31,CVX,16.08404695621458,5.531391506628742,0.08424911135762016,0.0026859739976426156,0.39823831087858486,0.2799009632913084,0.309385194511184,0.15627543539213
2021-07-31,GOOGL,28.458364360049206,4.679188968837189,0.07477633772735506,0.12499008566073443,0.5793603097946078,0.20063322308827003,0.27021007696752497,0.20641192255515345
2021-07-31,GS,40.619436738262614,7.194736446863043,0.29158863835323506,0.14825751262009226,0.6319776831457385,0.0873078994971914,0.2691198949061257,0.21920951890095078
2021-07-31,HD,19.47885241778299,4.806019379365645,0.06822549828009476,0.1505116515062927,0.7885033617799342,-0.05312718786192738,0.45212579377938644,0.2794286902156591
2021-07-31,IBM,32.80618772818952,4.082577223126027,0.2524644138108247,0.07763856383327973,0.3236558848243708,0.19556381080192392,0.4977600734503571,0.2867898961083021
2021-07-31,INTC,40.219167473059336,2.9452529820098188,0.13471924825377396,0.16291524193840534,0.6905885783944099,0.40826009217770365,0.48677737848356517,0.24416429328557476
2021-07-31,JNJ,32.002948279216085,4.094277127139663,0.08909552992477271,0.04814567422973578,0.634965440464575,0.20725355626424458,0.33160666682666234,0.2121356201530829
2021-07-31,JPM,24.979277389690694,7.207948140831766,-0.025315201290836475,0.08219172445728178,0.324378583819354,-0.14267870122873144,0.4405789936096089,0.17705748973100124
2021-07-31,LOW,33.403519866440696,3.4701977769995915,0.07579930659501916,0.23559840467369098,0.5121320537105741,0.29118003953314264,0.40038693115181523,0.22539574975556717
2021-07-31,META,37.29789358925113,6.797631661683534,0.023370915468940476,-0.09955342042398087,0.6623555602314058,0.37372975525892194,0.24625420813277255,0.1774132129002127
2021-07-31,MPC,27.369568278774295,4.295741324369551,-0.12713700098437014,0.1367938029813103,0.7945788742759468,0.13509004070631547,0.3199266914366768,0.14113291621085755
2021-07-31,MRK,50.0,7.027516369254881,0.35940008340144414,0.035256353146899,0.7172160401643196,-0.02910354338489235,0.3151443908990209,0.27453836360772754
2021-07-31,MS,36.79263863975699,5.838389202276719,0.06403870376498917,0.16331258622541955,0.6703263059454061,0.1011794489063112,,0.20004605298534978
2021-07-31,MSFT,23.794065140531373,6.471251500754455,0.13276707888383066,0.06392456931520961,0.7407501441351615,-0.008470306417391965,0.3949050401990197,0.168557216593125
2021-07-31,NVDA,33.38791182771684,4.659013339484443,0.057938612215436704,0.045665782746099656,0.470728416159642,0.07592227872263614,0.2715593993067556,0.22438588614723132
2021-07-31,PFE,23.678871811022717,5.70904829187857,0.09544282127741635,0.046895033923485964,0.29109448862339043,0.2518101237994299,0.29830422057436556,0.2087197986010058
2021-07-31,TGT,26.064329681903466,3.094376121906259,-0.029828547800131278,0.09995621231720941,0.4691351017922138,0.23290076001630067,0.40739201873260766,0.15840598993159477
2021-07-31,TSLA,40.47911358200895,5.862795018659175,0.3338827728700299,0.06786229136858504,0.477674442123857,0.07396555697340211,0.36262346040277643,0.28063760429326107
2021-07-31,UNH,24.269167524351772,1.2147279855447044,0.4,0.08819761730406664,0.4742465082545802,0.20839032051388331,0.23006352153337187,0.20351364155526552
2021-07-31,WFC,22.8349753539392,6.600396775449662,0.10371681744925133,0.023488191959627674,0.7094115165092061,0.26511545806856773,0.35706645234626827,0.20429198324921916
2021-07-31,WMT,30.68515785463069,5.896785732351201,0.1699773743667953,0.1735032191592194,0.7305712219303871,0.13793027480162653,0.2831647722244156,0.20062184754117307
2021-07-31,XOM,33.41154030237126,4.703170241548552,0.13876757740998302,0.06773644664364104,0.3149647699652046,-0.16593270074026958,0.4686935027116538,0.28305096131151486
2021-08-31,AAPL,33.26598775137571,5.709109571276193,0.050734995442643115,0.02917343133126002,0.4373319989911503,0.3523823265721415,0.4206258225557062,0.19169990217752392
2021-08-31,ABBV,30.459399163148028,4.652462435676245,0.16579475026372537,0.14238448044965019,0.48548397760417406,0.14760142683011448,0.2868683841929397,0.15688834340327795
2021-08-31,AMD,36.733557786377,4.994045272114153,0.12625683758439415,0.2232736842075336,0.4839813839894124,0.06797212991966084,0.43620804713805217,0.27421024870720023
2021-08-31,AMZN,23.8429133762998,3.852613704968503,,0.12148115898256448,0.6204963733603195,0.08202173292687616,0.2676551834446421,0.10404258612795926
2021-08-31,BAC,17.56290503090434,3.558476340947247,0.15695189609992055,0.13384505498254287,0.5878401233074558,0.1704144573431891,0.2633438445411792,0.20930606122641335
2021-08-31,COP,10.78440858976716,2.270247023324235,0.18177170371403506,-0.01895882661989963,0.6025437820809321,0.3071501339947913,0.5193981907050609,0.2583529819228155
2021-08-31,COST,40.53544657936699,3.6250655641685405,0.015380922191538832,0.14047411633173437,0.29446266058824366,-0.054074309293912215,0.29148873351922316,0.07903568510425887
2021-08-31,CVX,19.918747053492254,7.5643424606229,,0.09495128885102978,0.4601605179916568,0.06465315960332124,0.2066287087016454,0.22205192951022074
2021-08-31,GOOGL,36.22030894950109,6.968710815406846,0.12769392564823057,0.1026821272552264,0.5892049670263905,-0.012786739604614544,0.47424378329944383,0.17727982826989697
2021-08-31,GS,23.032379646169517,5.186683274148632,-0.052939592993723805,0.12151165546220373,0.6853624799525743,-0.04166161544441638,0.40392620371001714,0.24192135583209048
2021-08-31,HD,18.405302873106642,4.1595114601794005,0.04738829648272747,0.20832713902698805,0.5484708105459882,-0.12968395705100233,0.34237513400741443,0.2999786122132161
2021-08-31,IBM,40.3874199304124,6.783322020977528,0.019152060159717682,0.10110331369402148,0.6213145602500693,-0.03380130462216313,0.37786733446157356,0.195435525041315
2021-08-31,INTC,34.528045955140456,2.217910345697367,0.08204503464916307,0.02369734363009525,0.34003066119233827,0.028213443045216655,0.3602386457921718,0.1401856935426071
2021-08-31,JNJ,34.49865852142439,4.9594537465613815,0.025011933275973272,-0.0583266661885949,0.4179139550401607,0.10457865268108163,0.305547776758558,0.16121561533591608
2021-08-31,JPM,26.44813604437353,6.4933924394558336,0.21085861252135663,0.17325338172569882,0.5992177803432625,0.26753128874000076,0.2988377250962403,0.2085499483499629
2021-08-31,LOW,11.823971668238974,6.30260595987894,0.10068643703077387,0.09807559670869707,0.5118998958015186,0.09183579207011572,0.33860470369529605,0.27401986904126757
2021-08-31,META,17.328132428229537,4.601011630588455,0.1105689233629974,0.059955282839758414,0.32833864235705557,-0.03285674867604735,0.33003608104534965,0.14794516224260562
2021-08-31,MPC,5.0,5.829433784510415,0.34760936760685046,0.09502046143154205,0.6627641227530118,0.264239678378572,0.24841919045023403,0.3017840109537102
2021-08-31,MRK,37.66459449381912,5.311089618676894,0.20082904835535986,0.1860053210696228,0.5725407807125702,0.06775354252140904,0.30907478452197945,0.2167134712127309
2021-08-31,MS,36.35036349271773,4.570099950519402,0.29491568185135375,0.03627456873221392,0.4953541628931968,0.14105807058253325,0.4473536994336991,0.25237296065330345
2021-08-31,MSFT,33.00874665705087,3.0429748663514697,0.021312801609218585,0.11080371177090986,0.4889927885079555,0.2048607466300125,0.27632111172524715,0.36462933467352554
2021-08-31,NVDA,21.226548639627598,5.984192820667237,0.12571808262712011,0.08724523014236561,0.43703087927895645,-0.02617398938040913,0.27326932981618807,0.20259748951424736
2021-08-31,PFE,30.21813145139715,2.7733274247140334,0.10932946308632496,0.024261708442134627,0.46479787449705723,-0.05057247917954258,0.1390308588336867,0.22921784793284103
2021-08-31,SLB,11.598055510921922,6.8927882886048595,0.07583971969004723,0.14898190186428067,0.46573412955907895,0.03803515942565775,0.4821903265369055,0.2644755838796427
2021-08-31,TGT,30.81421436955569,3.698827629261535,-0.0960037252676792,0.0915543577402934,0.430669372889647,-0.07045159986215216,0.33907581478973586,0.08735083143395189
2021-08-31,TSLA,33.6328561476782,3.268099630283733,0.08387364377752667,0.05305943132191691,0.4647937640400437,-0.035242113907649475,0.3804423824937509,0.257260366914158
2021-08-31,UNH,,9.052003430831345,0.13470121908068688,0.17124852921542366,0.5742669721571453,0.18599475845535446,0.5064367786066785,0.12509703594431015
2021-08-31,WFC,14.907240318872665,4.880973526406388,-0.04954936396549084,0.14550238816718902,0.4401695516279082,0.030273187671721408,0.3838718102157008,0.19921058747585996
2021-08-31,WMT,22.81390811309774,7.859017863702773,0.2117322490258161,0.19249588807624157,0.4732929601950743,-0.07469790156038597,0.35083377752914047,0.22348778965435998
2021-09-30,AAPL,29.55794666819463,4.676698064946226,-0.023303108049069834,0.22846560532311622,0.5059445251123131,0.035713087524038,0.34662229517997023,0.25872115852463423
2021-09-30,ABBV,26.132157043568,3.4266609126884866,0.10822583358692314,0.04426795820221742,0.5543925394791805,0.2963700150839264,0.4379953735197022,
2021-09-30,AMD,21.849854918406013,3.981339324799102,0.09173571629580461,0.01967536331853617,0.5710063861768375,-0.14788018365059724,0.36658904423782945,0.2605500488916435
2021-09-30,AMZN,,4.913405236559818,0.19704997603184804,0.16743256542831003,0.46774868315332574,0.15976765163859385,0.14507262609865432,0.3341610855172039
2021-09-30,BAC,35.85728466765646,6.493612942295948,-0.08519311191377096,0.1515963437388304,0.5741196090585013,0.05359657193846077,0.28367511987413396,0.30875462204264814
2021-09-30,COP,22.64006144514436,2.4009045869458596,0.15783052278610532,0.07011620205461352,0.6297190379878557,0.05708364706990937,0.3952348153736623,0.24033040555102314
2021-09-30,COST,32.706271189701994,4.323343875000009,-0.036172394788487494,-0.0014357228414339507,0.36734212028724617,0.181019117031163,0.5101670923363419,0.2798570137471383
2021-09-30,CVX,21.74932125207399,7.485517402317157,0.16927021783831292,0.005708220697078506,0.5227234091868512,0.21236416406412328,0.3625493844263112,0.36755257228499855
2021-09-30,GOOGL,46.49379323855901,4.4625731798798896,0.04812822147615447,0.10190697886615158,0.4759692989025976,0.08269119966389801,0.23020658382060305,0.1244268881333059
2021-09-30,GS,27.875304824103246,5.909966381377355,0.2659558282144804,0.027194322954059713,0.421825483052209,0.17469549225075884,0.2006861661562066,0.16920262710190104
2021-09-30,HD,41.28533111748066,6.08231768425772,-0.05813981604847154,0.08394031029869592,0.5124242279672829,-0.19070876483592122,0.36951932728506437,0.17030250965347538
2021-09-30,IBM,8.003735425951376,5.401163267469425,0.15393869246876304,0.028759458305386995,0.6056564027918753,0.038132837208396934,0.49029519049897385,0.1375229860139136
2021-09-30,INTC,20.03887966619274,7.9301218683370305,0.042819033244543794,0.07184068070956981,0.483606037808546,-0.08288502600122769,0.310503848825361,0.25366972456531006
2021-09-30,JNJ,23.134224428874905,5.9706011591246835,0.1988527658435577,0.03709832966171428,0.6492808400057521,-0.04260547773379009,0.3027001250996296,0.21308269443576902
2021-09-30,JPM,13.415341168273748,5.916324570456248,0.0663735430406496,0.027465011411796802,0.640806665347798,0.1808585011400583,0.49857050236784384,0.18808363741652068
2021-09-30,LOW,26.798836646923135,4.331019841997751,0.223410621061236,0.059403734980572,0.7072619120915435,0.12292934413257812,0.3078104408211991,0.247554214522643
2021-09-30,META,29.976965503799544,4.47673221262996,0.10133576052766868,0.04742016885065738,,0.0089877982784842,0.2573769445367458,0.22150575845375028
2021-09-30,MPC,14.608128467567882,7.370131022285216,-0.035308256062351606,0.08261215903288288,0.42030509780666075,0.09404170719472069,0.4117725509611247,0.1778909066014073
2021-09-30,MRK,35.118806909801656,6.391758321531666,0.20757336999720932,0.1317803184185545,0.6307718709497756,0.10457231099848749,0.32632517701868213,0.2492742679030499
2021-09-30,MS,32.66873948458826,3.196701624566933,0.21120139972221086,0.1736320346978824,0.5133890888959699,0.13668547798823147,0.33578102950439276,0.15569551724249764
2021-09-30,MSFT,38.416279527931906,,0.007963140925029338,0.08728780893055357,0.35699002502618427,0.022863318552900067,0.45781675946211176,0.1926407932665692
2021-09-30,NVDA,27.658500959399145,4.781068680729906,0.19799683532083573,0.2334950237342674,0.43112460280874193,0.026418593876255628,0.24726018672778424,0.2348104131781199
2021-09-30,PFE,30.463029532692573,9.921669922763074,0.15493016263040266,0.09913863797766526,0.36602642294763116,-0.18604416606828514,0.24845530789070686,0.1551136727156127
2021-09-30,SLB,16.596933910924097,7.244854128163861,0.17539460546911892,0.05280677825032822,0.345526698035039,0.19818659614178874,0.28334766422522445,0.24607882635820885
2021-09-30,TGT,25.212806078731784,5.499260865957508,0.03252778373466994,0.11938826988197168,0.36636480906200364,,0.39870856151731554,0.2509016390202285
2021-09-30,TSLA,33.10397288142287,6.138076339412553,0.05584763085883784,0.10860218695275181,0.4772393086543236,0.14482644992275345,0.28203825564572105,0.14791066105390865
2021-09-30,UNH,29.097544408688705,9.329317055553702,0.036771824892258456,0.04333064929489178,0.36107230985591476,0.1267079245975305,0.30948722826695313,0.2512488229475367
2021-09-30,WFC,33.46559092019065,5.897036261911174,0.1434063705126925,-0.09288126569634698,0.5148215730276371,0.07882782536839132,0.39601671487619095,0.20714582031021989
2021-09-30,WMT,18.372513778160876,1.607186781286663,0.2143436832512518,0.062061398536192504,0.5487412234235306,0.29414366119932006,0.3126528319488379,0.1793861123588913
2021-09-30,XOM,22.59439791656304,4.460736186758161,-0.017450204401635666,0.14738528173170867,0.6418908145152991,-0.04037860788923911,0.41674972792713033,0.21485113822348
2021-10-31,AAPL,41.80352881134167,6.009938898378938,-0.13778793447804863,0.09909412746805976,0.46481255540211563,0.14604480907940265,0.38919299955760206,0.23908245508563808
2021-10-31,ABBV,31.814705946755662,4.819751560638001,0.0423343363868965,0.07200240157925708,0.6143855503683396,0.20311821770081956,0.34376762108100123,0.1184411921356182
2021-10-31,AMD,39.60560412727892,6.021396017688172,0.05575852632273821,0.012981060857753371,0.6109875185255885,-0.16671421590204707,0.3732048954599942,0.33758925925517624
2021-10-31,AMZN,30.281162041713824,5.373328152399879,-0.04367587324065633,0.042611845676319926,0.5780804894339892,0.21671656534210162,0.45641539763059524,0.12211372508804803
2021-10-31,BAC,28.362326417978753,5.186488962226352,0.15887709408099204,0.13664977139376236,0.5860486596627128,,0.42677707151014066,0.32270836617935605
2021-10-31,COP,30.22858357195681,4.7069656903539,0.24231329589010686,-0.0021597029254958044,0.5133717648366402,0.10485729690252654,0.3830537990899948,0.281688814954434
2021-10-31,COST,21.18724453798855,7.2703424295513575,0.22798152907536132,0.09047008680161481,0.5506544552197916,-0.020693492321067958,0.31760196359044657,0.20678825487863572
2021-10-31,CVX,13.257905705377357,4.57514940628426,-0.06643689971344499,0.09928034680258878,0.5980736283965234,0.285593343007279,0.31190601865560286,0.25451791825195624
2021-10-31,GOOGL,26.04580676030536,,0.03606255810585332,0.11768612840000545,0.4286553372477971,0.14096942250179398,0.4855618002820924,0.08521491623746008
2021-10-31,GS,19.628709247723904,6.6894989575278485,-0.0035481745088511984,0.07006291031751466,0.5975563872335214,0.008607291199095701,0.28214119390361814,0.23121791458974542
2021-10-31,HD,33.402578405136666,4.14610599831788,0.09403520242723633,0.08285162346167756,0.6986449713548071,-0.042537407870076205,0.3374622228644435,0.2584638674687713
2021-10-31,IBM,40.92923454826102,2.881814830837596,0.061540234328850994,0.16013357062692066,0.4304005892825977,0.06349049512722996,0.39739393875595314,0.21215892993938984
2021-10-31,INTC,26.407292914347956,3.2973831243616427,0.17656081500952964,0.17724776249595148,0.4952246521234882,0.31118155671050385,0.40946998353668856,0.28940816578228445
2021-10-31,JNJ,31.237717756058423,3.0047667199549752,,0.1302440430464713,0.4987436165379333,-0.050949428055781454,0.3117842001063154,0.19065138029373435
2021-10-31,JPM,31.62489952810348,4.431473557832497,0.19218825009912888,0.1026896535279959,0.4177228535861232,0.14444730859442423,0.3270970089380442,0.19484699123590854
2021-10-31,LOW,31.17163489968061,6.958542413649884,0.11942152127473118,0.19090887993656497,0.4832211000068212,-0.0070238073048447675,0.35578076318817015,0.20356158138500355
2021-10-31,META,32.02195087725053,4.317640040648298,0.10827091722067363,0.20155071911460734,0.6431792821909769,0.29893843263696873,0.4642079257875409,0.19157402306093957
2021-10-31,MPC,19.33380339638331,3.8505728981960914,0.1627473875611088,0.010230560912369943,0.6750918798087254,-0.004961562531908367,0.3820038166366532,0.19272433234360845
2021-10-31,MRK,21.93942582951481,8.048156240789341,0.059581341193000924,0.059263028311862906,0.5514243288671589,0.07522844448649721,0.28462106454257247,0.29653511614944267
2021-10-31,MS,32.56791299717048,6.936715994042762,0.16017309660177653,0.049976650243984615,0.6021573549908223,0.2934747220421908,0.3046368552921208,0.2914138407800957
2021-10-31,MSFT,21.289537857724557,6.396472784185631,0.020265128958136397,0.18208168334010505,0.5970427686620071,0.2402611485990378,0.4937906693183011,0.25445339453349364
2021-10-31,NVDA,44.32872969797555,5.358759423069267,0.2479257682254899,-0.0500239506137999,0.34097464453403936,0.14942924464210167,0.4500613535896692,0.2624246470993166
2021-10-31,PFE,32.85394855159211,4.078119164971372,0.13449511686925225,0.0924284620042398,0.4708807277302315,-0.02137133939095555,0.4106362872208509,0.2664593768039186
2021-10-31,SLB,30.451342723728057,3.9347587645317255,0.21242533763754118,0.1405258280035444,0.6890849021068187,0.11432058108189137,0.40281016666042924,0.1915932423331636
2021-10-31,TGT,30.042454366628075,5.582923405640363,0.2753305044140667,0.18281627832457725,0.3929693443223383,-0.0037433724269250873,0.2440550162237609,0.20277340319383746
2021-10-31,TSLA,41.18468172256885,4.9490592666734265,0.03768765383217329,0.10423938712064118,0.5442070160448743,0.045309222830405484,0.33001964596912114,0.30214866072815266
2021-10-31,UNH,21.135003423499327,8.141078250377003,0.07719919221112918,0.11511259256181569,0.41221548096773397,0.1880932472576028,0.4856393135639323,0.1624256826050906
2021-10-31,WFC,25.48297166589974,4.347774948660344,0.041077754434416906,0.09636551942042866,0.67088105370433,-0.15416854727343396,0.5223473170310631,0.18679238470320808
2021-10-31,WMT,32.519589215363695,5.269199716433863,0.0873889182757281,0.24324410183362832,0.21184300931537653,0.12193274693243537,0.17360482210661593,0.18008100322713383
2021-10-31,XOM,24.688285252325088,6.792032123407371,0.11695774092212845,0.19629262696755723,0.46013596850379873,-0.09185449723121789,0.39932018499967,0.1925690613779731
2021-11-30,AAPL,30.62605608042866,2.939933353540948,0.10575071314395815,0.018779874174912545,0.3683689841971268,0.09919723409837046,0.49379701497400746,0.3050585286519094
2021-11-30,ABBV,30.981450868659454,6.978432858144972,0.08424262615636458,0.06297841629801812,0.5971719115032306,0.08118219738595243,0.28414884171216004,0.27064601089029033
2021-11-30,AMD,25.2911635436822,3.3324825069978865,0.032925303693036354,0.17025323809398185,0.46777983609669893,0.2325821768258058,0.32590938381292284,0.3004674538581086
2021-11-30,AMZN,34.42631983747768,7.223749227660273,0.26464801476562416,0.15597509326421313,0.6217399019832158,0.03696742036850327,0.3913832759565569,0.2101315032430969
2021-11-30,COP,28.248278858389256,6.675577377280205,0.16302565381702627,0.16065317931350687,0.3976377220999987,0.22145085308369045,0.27369043810312244,0.20887052316783927
2021-11-30,COST,26.23767268637162,7.852155237852074,0.03951625875532689,0.24630449897119738,0.47467752438868605,0.09446163373753304,0.3119271712196056,0.17879995086420652
2021-11-30,GOOGL,26.04641250141015,1.7800812438630813,0.14709040515429783,0.07058953309947918,0.6282287227536075,0.16061422958517912,0.4412202755160283,0.3148973824273179
2021-11-30,GS,27.190982454060137,6.389817344299882,0.11548736307858724,0.07696098156870959,0.3083538504185309,0.07005256752985471,0.46306863200243853,0.18633390775219824
2021-11-30,HD,29.890649487263033,,0.2109596231757369,0.05965708260992666,0.5363413340758394,,0.3448740829913524,0.34295206715014537
2021-11-30,IBM,21.605070289609664,6.607720013638785,0.15485705886254952,0.133736207430873,0.6633153482132375,0.09689938280406507,0.23858250956096558,0.2496808817005343
2021-11-30,INTC,28.048484673387986,8.40818094919459,0.2787036335666438,0.010044675472230771,0.4238751140958611,-0.10730683239577263,0.3096201414491816,0.33971284892303255
2021-11-30,JNJ,35.62814644551278,5.581219675903591,0.039329849566760014,,0.6408306930392296,0.07640888510633706,0.17286264667109993,0.12333872839961482
2021-11-30,JPM,16.10629714703528,3.909048586832134,0.08619037949832684,0.08157776168739748,0.35835652568732745,0.1710660307419191,0.2904767724140366,0.2799655387141898
2021-11-30,META,27.374981616956198,4.423646485382563,0.06444156341754573,0.23410418837791486,0.7437036706369038,0.20735609691853218,0.31586675192550656,0.2287300351386206
2021-11-30,MPC,39.495457225888124,,0.08496102792382802,0.14851802458135344,0.3680410751804345,0.27402947826297763,0.40280624380139524,0.3003545197998725
2021-11-30,MRK,26.009402258474072,5.543173138174273,0.10877974549210798,0.08776201978209393,0.652032656894564,0.30754807786610344,0.28678865836761225,0.14063943598712345
2021-11-30,MS,21.293424655481807,7.5581856296621,0.16629219654236344,-0.06636232978386976,0.5288488335324749,0.13484290275472136,0.2640853824496483,0.20681516269688846
2021-11-30,MSFT,30.38068672271545,2.771755722201087,0.12248858881066121,0.17051340674876364,0.3717768307071548,0.27094253323376727,0.30878409802866513,0.23041603970188243
2021-11-30,NVDA,27.819120922054108,6.3781973989316905,-0.11722435214437374,-0.019113897290058496,0.7341985092555774,0.02962370192831905,0.3284484912399794,0.19853019832719493
2021-11-30,PFE,37.33873939004856,3.716513649474101,0.08308603011673807,0.09481005679363508,0.3630944792807813,0.3264565772782437,0.30407262485926095,0.2976658171941054
2021-11-30,SLB,22.023913953186586,7.66550340081314,0.007322478744026334,-0.014601682012657366,0.536279221794214,-0.13388319419290215,0.41390774578387535,0.27824299973866085
2021-11-30,TGT,25.50994467433246,6.368726926354276,-0.1355004288794972,0.009019106218314588,0.6499581337233847,0.23428870155274276,0.39178372244135795,0.2757365589280649
2021-11-30,TSLA,7.285154754041272,4.099222846028628,0.18041219120169655,0.05001929920879118,0.46675578593511247,-0.007181686521354855,0.24360105316162897,0.18253585073480272
2021-11-30,UNH,29.80876058378794,6.075265039079712,0.02291305758449362,0.09137092685435916,0.5236437108358089,0.0961965008050982,0.3939952378935951,0.27434310728328
2021-11-30,WFC,18.22931325087927,5.552225568137507,0.08337828177739885,0.004681767561673156,0.4761721507755806,0.20012358097312136,0.29904127666102676,0.22533614863317933
2021-11-30,WMT,33.98417773681261,7.335523360197659,0.30344954625779313,0.17180736298437668,0.5018295501577841,-0.16245733810996868,0.3767683492641934,0.11340960456973667
2021-11-30,XOM,17.265238998257402,2.999606504320401,,0.055150420360617756,0.6675777826759332,0.1099985150036089,0.34470518831268265,0.1963921738592795
2021-12-31,AAPL,24.28821802114726,5.690876111852302,0.2617425957786639,0.05814858609092441,0.672422630417737,-0.05125046575290615,0.37919568566705864,0.27208871791131056
2021-12-31,ABBV,14.453477541131523,7.090816859427892,0.14741454435485962,0.06598613790906849,0.5341593592642114,0.3603528548467926,0.27404632095866266,0.2759269139650047
2021-12-31,AMD,22.844566575981645,6.981101102989204,0.17243929062041063,0.11236905701332396,0.5998292752170354,0.22238732455719915,0.4242176440064707,
2021-12-31,AMZN,29.173334633619945,5.4503767579119975,-0.19745716620229284,0.08969313659721051,0.5112593182070587,0.21400655656178563,0.35102963945596166,0.20530414021144686
2021-12-31,BAC,23.414691872439253,2.8921158702180754,0.17720122347262768,0.270527090348089,0.4542015766790708,0.25375679171465887,0.3389614573535886,0.2279686175331952
2021-12-31,COP,34.60504226985522,2.2652444360188615,0.05846124919380363,0.055518330601876456,0.6224271676879819,0.08573784180210783,0.4350289734484914,0.21618813928982542
2021-12-31,COST,22.761017297726816,4.478561362770829,-0.03429943341983416,0.056631813089392254,0.5543684447460431,0.17419402692048025,0.34986034979005637,0.18997293547187327
2021-12-31,CVX,39.22313245347665,6.838765650304056,0.005519449887714981,-0.0039601215267980605,0.1,,0.3631105762412488,0.25459427144725183
2021-12-31,GOOGL,37.42769940877249,5.6301379870778625,0.16520094524554368,0.10587956492445261,0.5242988917253192,-0.020230609661391646,0.3820455358668354,0.25947979610671407
2021-12-31,GS,38.26513143964749,9.746317647385009,,0.030740934694430913,0.4227405328892709,0.09885466454391523,0.3971985366934126,0.23425125653615936
2021-12-31,HD,31.252931838950545,6.264742297904084,0.1139804142123898,0.12717521731535836,0.40475865398743616,0.09987907664148186,0.3473619956002021,0.2314025114975742
2021-12-31,IBM,15.387147118599726,4.12648748804418,0.09609754665887761,0.050805981919920584,0.5813668936061471,-0.24539828190072913,0.3202352689971984,0.19434810088418256
2021-12-31,INTC,31.8053478267543,7.8249384324936635,0.06517641978112765,0.10126092362581444,0.3947001430670421,0.37183015905866057,0.3053652225819069,0.2764328816343525
2021-12-31,JNJ,27.9170566869098,4.456155268945586,0.14405436149225434,0.1328692095225179,0.6151698928763425,0.20040556187583058,0.43435054836632936,0.21983047582255447
2021-12-31,JPM,27.476549537731216,3.1017969036248347,-0.01609165373885474,0.0387996583391162,0.33762845676235975,0.20232625831004325,0.21389366197723375,0.24335844105195348
2021-12-31,LOW,42.829642914142944,6.662274597288649,-0.05267336776365025,0.055379545823012084,0.44974330115592154,0.018018459091427977,0.3824173050442235,0.261310880914002
2021-12-31,META,32.05939591887314,6.64724943001423,0.005060242782516516,0.1882448889909849,0.5328578390116706,0.17594805290874221,0.3411712027138313,0.19880205188002228
2021-12-31,MPC,23.170238632146834,7.083963106584597,0.09372572806907851,-0.009145391939139172,0.7047245416116161,,0.3328978641091644,0.2223022900348418
2021-12-31,MRK,21.011713738277255,5.657367298330959,-0.15984922444657815,0.16826490592703086,0.2834161857786711,0.0827052302711596,0.30627067987406087,0.1715061583257384
2021-12-31,MS,34.43735607096841,3.254003218080804,0.12076590163324191,0.07395922376604157,0.5337975615221237,-0.02026057921901095,0.40806126456131725,0.26172213468642247
2021-12-31,MSFT,29.587118567828362,2.339380916211911,0.15711371421490108,0.011554535930475743,0.4089229336310587,0.10498042947941896,0.37161282618379277,0.20113099794775935
2021-12-31,NVDA,26.094054521506596,5.852874196570016,0.1389215455800974,0.08199380000684997,0.7588369370614255,0.00041446349000590077,0.283341948973421,0.09240436975388194
2021-12-31,PFE,38.12404557467417,5.58290074348831,0.04578188522375283,0.13253680122725148,0.36717684607040146,0.19468254266272664,0.42350542952329173,0.22270537280312525
2021-12-31,TGT,27.376402403515247,2.9563424083526777,-0.026686921938475827,0.25497880085953784,0.33821670338342313,0.1317516120344995,0.28847509569858804,0.14422240054495283
2021-12-31,TSLA,23.387162755634797,4.62039477072326,0.049521051263904985,0.19619498558756443,0.7607164881386687,0.029065324541899903,0.274885592339881,0.13961575680219113
2021-12-31,UNH,17.002305060584753,3.3955673377952795,-0.03658235320786085,0.00404673138999935,0.5122687786291868,0.04981804702782638,0.3555564974504222,0.1046848748123881
2021-12-31,WFC,27.32171800611331,3.806215932984866,0.11526071878359691,0.13527041645567175,0.4288210405351977,0.1187376112890424,0.4140411522645095,0.24402080349579353
2021-12-31,WMT,21.26782005568829,5.406537979817118,0.14664629018767267,-0.0038638879762377676,0.4594650640157597,-0.18065204285569922,0.31435583588635063,0.15064002559266484
2021-12-31,XOM,27.839653500497676,5.856817331629986,0.0785892744175081,0.05210069414405788,0.7329931950788918,0.3342268697760238,0.27405982310956983,0.2937437391548846
2022-01-31,AAPL,36.1561471183426,5.78699208399954,-0.0208767020566918,0.1365002831343295,0.6387935384956775,0.06184690591863318,0.24509278272744886,0.2510269796101395
2022-01-31,ABBV,9.578728977449593,7.445780268854767,0.06551396779050983,0.09766682413856043,0.6806716938857786,-0.07255777590616189,0.4641865311676779,0.29130835859619864
2022-01-31,AMD,35.83735746556806,3.7922392685930206,0.14062266725892217,0.10695850077980784,0.5327615398417624,0.11967123565459246,0.37131690170686177,0.35248647911773445
2022-01-31,AMZN,25.81838735026744,6.104215739654424,0.16996422109085668,0.20447279904673712,0.5050815967124552,0.056682752830201764,0.28556630879016365,0.2526680144580217
2022-01-31,BAC,28.839898566797633,6.996416078785696,0.08336621430049337,0.11576161018282266,0.5039793841766645,0.07408418866828133,0.37170553099268144,0.2621672122520104
2022-01-31,COP,36.00010307647508,4.788777973285072,0.19013017743875077,0.13697984163357158,0.6417473911578457,0.12715271810243053,0.31948103828561397,0.22280297718846362
2022-01-31,COST,29.124455252453004,5.1989935704051335,0.15343371659439792,0.02854193275528273,0.5183628241010516,0.014170546948079718,0.5544028249898484,0.23209922308865594
2022-01-31,CVX,25.7767200944231,4.85774079046882,0.22839685421240793,0.0835238113547889,0.43940287249204324,0.06289582494587886,0.548877685615474,0.21762402231382427
2022-01-31,GOOGL,20.226766757537536,5.085404221476505,,0.10599815001626428,0.30485788007881665,0.4385196882984491,0.46306456786664485,0.25949287439588986
2022-01-31,GS,27.078312472012684,4.7267082973794965,0.22863829312537032,0.06999275273969888,0.7040105995528119,0.02013032839631819,0.3170550900337955,0.2235426088738478
2022-01-31,HD,,5.138907778899848,-0.07939618144665592,0.11187797096341484,0.5499660976562214,-0.0024708994731321987,0.4220102436520089,0.16670901707569283
2022-01-31,IBM,38.66564735494089,4.597109996424184,0.09071979906999086,-0.08403751937943711,0.7022995660962214,0.11432418128260005,0.5148241600359742,0.32574170420883386
2022-01-31,INTC,20.509477317265606,5.14503511564431,0.19778500667538396,0.12008494878496545,0.5191025216175267,0.2571085756115268,0.26182494473487616,0.18332976946640264
2022-01-31,JNJ,27.969463031299327,5.555005739139012,0.13009032062098821,0.0003089087022266068,0.6257492152476836,0.1721796099662259,0.4813034824351208,0.2018459730579795
2022-01-31,JPM,33.62107580239392,6.8683817468454755,0.12877177911733875,0.12943044194253395,0.6683484216552158,-0.1289691978485742,0.49295705432105535,0.24257221500986198
2022-01-31,LOW,32.17372659274273,8.121825562539577,0.06577771008502634,0.04478670193214863,0.2309256780987337,0.10514445488726988,0.3783895644129491,0.17315910170146828
2022-01-31,META,15.548988485398203,6.452413509183926,0.19579876266509708,0.04790311840750306,0.43001845579271436,0.082485870796043,0.3084793617371985,0.2984467903986325
2022-01-31,MPC,29.978439448662133,4.161211945741439,0.0014190958393166947,0.08300101702386109,0.46654153666193127,0.0776303219549099,0.21803885562996603,0.20452236331868057
2022-01-31,MRK,21.54080324347791,7.610724176714562,0.12465762120770613,0.16821721071891993,0.7422530380241945,0.11663205452949714,0.30328351229503775,0.21287603809151412
2022-01-31,MS,20.19488569608907,5.243494374881876,-0.02479362478173683,0.050574502787976754,0.19345588173242584,0.11177308226627261,0.27174173660843376,0.2517633063696842
2022-01-31,MSFT,21.08205661622442,3.545143948592239,-0.09414178542733734,0.04218939746110326,,0.05047464714708667,0.34621845972755466,0.0808548195133022
2022-01-31,NVDA,15.238652431336623,6.480235833928227,-0.0033718073267527404,0.19519571692864524,0.4539272217887932,0.24097271973889853,0.3360359099304803,0.2311694633259934
2022-01-31,PFE,22.3426324692439,5.125824253173867,0.2656737655476785,0.13954948615207774,0.4973811636655136,0.2475631661407928,0.23991737437379795,0.1842575611527026
2022-01-31,SLB,24.875178626817686,4.330647157064562,0.0204923424508031,0.12588897395952303,0.45436089357883264,0.011325370703821128,0.3543775680035897,0.1881975221336111
2022-01-31,TSLA,19.591296369896202,7.2551460902025795,0.17135014647250735,-0.04799815308889298,0.2795120030509166,0.2337293818699586,0.3025963382553816,
2022-01-31,UNH,36.78024392898765,4.31806817281929,0.10299189025799327,0.02814929575442933,0.547399279548602,0.15756413341243986,0.4309129106322832,0.3230689390117586
2022-01-31,WFC,25.340857806643907,5.110890947631627,-0.011057282175962774,0.16421580864638965,0.5624154372533345,0.08724009352947268,0.3363968596137924,0.26223282986528135
2022-01-31,WMT,29.76529563138863,5.457485613523107,0.1542032728440347,0.03924935565395043,0.5280853237044282,-0.10780457960815484,0.23187356171127932,0.23747011319783842
2022-01-31,XOM,32.68637563921416,3.549659869931789,0.1399607154157363,0.20071686497271907,0.48372593812922643,-0.2085514823130871,0.3498103119888821,0.2759956863613981
2022-02-28,AAPL,34.59949244703118,3.7908657357400055,0.11879840800307306,0.0669465996648998,0.4539012437033977,0.008098153362702781,0.29927216407992485,0.1691344901193678
2022-02-28,ABBV,9.555355661134186,5.9750895674567275,0.18677040153816107,0.14572731127248084,0.4389632716832108,0.07842388593871541,0.4621506943178328,0.18584891746188986
2022-02-28,AMZN,29.293173571967408,5.439735059901992,0.0554498991408027,0.15944437747443427,0.558529984106751,0.05785062085838606,0.3696336901516619,0.22694385087421207
2022-02-28,BAC,31.780435639524832,4.503984037045181,0.25812542715497744,0.06806540465870226,0.5367696538203015,0.3268745163270557,0.4680849243783008,0.1841337474759639
2022-02-28,COST,44.65515681857548,2.770519401558364,0.16365892964930512,0.07383107284941484,0.11614417770574731,0.14119222074012983,0.4003228118401067,0.14884905451286373
2022-02-28,CVX,20.41719210487399,,0.13593647334478925,0.06958223008170876,0.47171903237148577,0.06854732310956099,0.3221117905746503,0.1921069192749507
2022-02-28,GOOGL,29.802547870579062,3.931409330549162,-0.04397034881134895,0.13503885561454526,0.5350760528052245,0.16607892169302346,0.2737846971602537,0.3016888411089856
2022-02-28,GS,19.313002463966626,5.878658137659565,0.09589257801542062,0.09844711753040278,0.47090274240649344,0.1282060831808359,0.23964562702244732,0.3284197659423681
2022-02-28,HD,40.83715574732075,4.657106715582257,-0.11771753417496358,0.1919451397769622,0.5192628191808452,0.1900716676104725,0.42636029140507,0.23346070747513864
2022-02-28,IBM,18.882455237150232,5.432853953069794,0.12966863441032664,0.023095157752358514,0.3268421173300392,0.06720892409180498,0.3391068694776238,0.14724646925314638
2022-02-28,INTC,,4.259782728616245,0.05894717279751736,0.18275281780024658,0.4580700681105349,0.3378448475562363,0.3952142911237872,0.20420257523463903
2022-02-28,JNJ,27.01757200824672,5.233138340122135,0.3172428980117839,-0.030798515887905123,0.4943826217143583,0.057414026310315475,0.34904524055375963,0.20757371834049082
2022-02-28,JPM,40.38548248365837,5.978618309437101,-0.02663767185273938,0.04514872484292406,0.4489231159804565,0.10136419920781788,0.21261846098235887,0.2943601810598116
2022-02-28,LOW,34.51795044720669,3.3485109880319053,0.13923919187213735,-0.04851602617895161,0.3771844310386828,0.025166673554141206,0.3790610632689354,0.3227875385541083
2022-02-28,META,36.88841056218921,4.055981096408914,-0.02839550378190067,0.09137086831970373,0.4203001522134494,0.07277003984791547,0.431535565536829,0.11900517993359849
2022-02-28,MPC,37.07470492731892,3.4243646296286894,0.07377299621504634,0.021765705975937605,0.5983161271828589,0.16430282325851042,0.2823211022312578,0.1995142273973417
2022-02-28,MRK,30.558527777637064,2.998518849245502,0.24873650989349796,0.12989731379814087,0.37780024432294523,-0.031461246758008155,0.2199068978883829,0.4
2022-02-28,MS,17.240690155584378,6.288585146034979,-0.028805745739394706,0.0571429868909493,,-0.1354931122640775,0.3114283900290468,0.2987079047020341
2022-02-28,MSFT,37.037253705614816,3.6899547619870408,0.19069788112557629,0.15751356156512897,0.5913532618222983,-0.007733520534212113,0.6,0.22093720489146
2022-02-28,NVDA,32.692295240623494,4.96244897797465,-0.05392285099933247,-0.007837204430579517,0.6027694077125896,0.2087129339230176,0.4271492385505549,0.19997132114205635
2022-02-28,PFE,17.506224567047056,5.57034813738038,0.21168032075746904,0.16952217353085883,0.35862526250652127,0.11081125161490277,0.2935868030131529,0.3374002432631944
2022-02-28,SLB,28.28988412631254,6.583803743126472,0.017498619265471,0.15969318701107166,0.5013434168425935,0.13760195247859375,0.3525078016326816,0.19423092643100126
2022-02-28,TGT,33.565908228767704,6.642208547582647,0.14046783461129686,0.12095200654455746,0.44542809260875665,0.012603196356158586,0.49408009642617345,0.2868447095610798
2022-02-28,TSLA,,4.165740723179336,-0.060262592742655524,0.16428526906643018,0.20883189571673771,-0.014290516794823141,0.29944783544022824,0.1541036200033406
2022-02-28,UNH,30.238636725698758,4.580633429416714,0.15116757113964366,0.12109416242895893,0.44841562288359,0.07813897763027308,0.3621448027241691,0.23472745716472845
2022-02-28,WFC,27.803364246059523,7.127022618931871,-0.02184187805338364,0.03210513141112273,0.4932555747757569,0.07470313517878352,0.4267953483830006,0.131550899721739
2022-02-28,WMT,22.408908082631154,5.688340190692414,0.034022661733400475,0.11665605184720244,0.554408343304258,0.0853786234587082,0.37005653153520257,0.1472500716847132
2022-02-28,XOM,9.424067748228381,5.27822049310869,0.0714795769226589,0.08410934415967,0.7043170413176973,,0.3484197256196624,0.24303642189360952
2022-03-31,AAPL,21.862787466661203,7.4858895202417095,0.06342344762539057,0.0151278076248057,0.6347711106519602,0.25092739277614473,0.43818533826712397,0.16063395218033294
2022-03-31,ABBV,18.258999486204893,5.49039706417756,-0.05691086318681479,0.14132542532200926,0.37499814168850076,0.3599788115081992,0.41134423485417543,0.2887092446404612
2022-03-31,AMD,,4.052022227013199,0.06044133085281956,0.053931103244164266,0.5803172337847368,0.22281550382954313,0.3506470257392248,0.34626405415012473
2022-03-31,AMZN,19.675625807420676,4.142282301699824,-0.02574949202877641,0.12464200601583397,0.4856900370749034,0.006838582169170812,0.26284790446517625,0.19084308602216415
2022-03-31,COP,19.28082102754263,4.471359495882308,0.180164551656244,0.0882352382965737,0.7356099157469904,-0.13187789632110836,0.3359671566490757,0.2602948285855028
2022-03-31,COST,34.53937229643161,5.4479267282502,0.27079765443164217,0.029481582214588284,0.3381315678559784,0.30999880838938365,0.40579491070806484,0.22283151614993124
2022-03-31,CVX,22.777498822181016,4.45645187246904,0.2017174965197704,0.08904386064698257,0.834352839912573,-0.010909424655813599,0.3327951203564003,0.2548415858223143
2022-03-31,GOOGL,31.178421500036993,3.513372043502334,0.2683770321882453,0.08202871943025557,0.6593570984520984,-0.2182755119436751,0.37549219109794335,0.21276325945256944
2022-03-31,GS,40.41037001409526,4.180885109303509,0.14435226541496615,0.11328621785885301,0.5137755923633667,0.12295307196495381,0.30992706347954535,0.15188154538745574
2022-03-31,HD,21.67885848710319,,0.10127342833932655,0.05227437831410074,0.31479090492611894,-0.1614222763110619,0.300312897607227,0.21072349580598976
2022-03-31,IBM,40.46040089117544,6.805144789400661,0.051070367211153614,0.0889041870966664,0.48570808821818096,0.17479523006297626,0.2633534813846317,0.2624793122191537
2022-03-31,INTC,42.926250147274374,5.689094510057148,0.09514881850906166,0.06630619577052282,0.6031529376192972,,0.4206654736299178,0.18914949308337897
2022-03-31,JNJ,21.121249239681386,3.6552746160913188,0.12416640222939083,,0.5340069289266693,0.17920831750482313,0.22443738240412675,0.2135902475917304
2022-03-31,JPM,26.506520071151314,4.020398661394509,0.035933441258933996,0.11083546830687582,0.5754981864885529,0.14204322865313404,0.228076086586653,0.15409166966001955
2022-03-31,LOW,20.641170075989198,7.145554601947327,0.19291682172108215,0.10362331169467189,0.4997451893489142,-0.03134256466318838,0.4089069692238634,0.24424203311685766
2022-03-31,META,18.655661404040195,7.272355837423251,0.07834204747520045,0.06419115012062654,0.5494643608836375,0.2234178525259276,,0.208010045633188
2022-03-31,MPC,30.55692347071174,6.837702079323502,,0.12365786674126206,0.5643327181167701,0.3740349922788736,0.3655258801675776,0.18785129951277146
2022-03-31,MRK,,3.2902294753215067,0.24533772527777797,0.1481513622131208,0.325652039467319,0.34713144055474954,0.3727753896934458,0.313190327718512
2022-03-31,MS,43.36219713670691,5.233839607896529,-0.013102301523647233,0.0653223233678415,0.36530060144421217,0.051146111937818844,0.29382196116399684,0.21144040968815928
2022-03-31,MSFT,31.875076942121016,3.9094152700610842,0.1625682433765906,0.18947915293915435,0.5865231998450128,0.26408224804603464,0.3379149100929201,0.15862543976563837
2022-03-31,NVDA,27.271160142711594,3.9395117599269502,-0.06589174216295726,0.10422449818655526,0.36272691339596863,0.29931130204617495,0.41222904901357504,0.34117713248349935
2022-03-31,PFE,33.133242973666505,4.82036656426388,-0.00641932362066687,0.14627814055268817,0.4579596153280287,0.1381595324870903,0.46181487035383684,0.18880707487875587
2022-03-31,SLB,34.39005341014999,6.309787423735134,-0.10750041572627067,0.04131394532492716,0.5303657164559826,0.13868395369354167,0.5113581846575741,0.15164572813933497
2022-03-31,TGT,17.748869127253105,5.500312133125519,0.20238612945917778,0.24012541137992172,0.694014715063481,0.11881086923768248,0.24092870639760008,0.2110964412442692
2022-03-31,TSLA,35.402078418619475,5.283372510675556,0.23719806030365462,0.012042160111001357,0.40498451209746483,,0.17307303351477285,0.16210109890456614
2022-03-31,UNH,32.93670642327627,5.013706332370099,-0.023289323081164673,0.19136547798360337,0.42071812790083285,0.10807388270761546,0.34065155834731925,0.18217323889619458
2022-03-31,WFC,27.522055519174934,4.23266493688555,0.14609316235893866,0.1378112417522,0.14022781232887233,0.11386335641188652,0.37170423517309265,0.19701531734258215
2022-03-31,WMT,31.78739040293942,5.216732428968065,0.08581908931463607,0.17635730185507412,0.550817984623425,0.04019272393867313,0.40718724533498285,0.1947550879196186
2022-03-31,XOM,36.80000735007749,4.308937999177338,0.10172808775362345,,0.5532899408237921,0.09185372672911561,0.39667745091316986,0.1984663727579105
2022-04-30,AAPL,28.492620844295214,5.612103887095554,0.08168987241375776,0.07992933719842651,0.5584807417024182,0.15698789043038053,0.29149616755655716,0.15372701730722
2022-04-30,ABBV,27.942391384878604,3.904273055611971,0.19342672457264357,0.09989931384434059,0.738888823551888,0.27135061483624767,0.38717069978050817,0.09090635555026469
2022-04-30,AMD,32.20777374873256,9.15176909967223,0.022763207591065135,0.19336013526975593,0.34415819293226,0.02164093304200454,0.3126044378244209,0.3007243981733083
2022-04-30,AMZN,27.81987188218155,4.163699552594899,0.1085821041138361,0.03513389142887116,0.6071323328627449,0.08104156208353684,0.4012685698607349,0.2339695926998805
2022-04-30,BAC,34.38595132522889,6.656169040543146,0.14301256611690513,0.08045619551953963,0.255730047103981,0.1378918453090604,0.4383338527918929,0.17411443912185035
2022-04-30,COP,21.72632875638825,5.493995880840506,0.17776007090181467,-0.0001405842466855739,,0.17476961158287768,0.20262994228128003,0.1382457438496107
2022-04-30,COST,26.620424000893845,4.071185376432026,0.10910873182721928,0.011287796639552747,0.528293865849399,0.15015186095639937,0.2417571387538359,0.21891111393720394
2022-04-30,GOOGL,42.465456485003294,6.699943132898694,0.1518439474401946,0.010517513081438279,0.4243809017215126,0.08564275428781253,0.331362567770053,0.2232217844364826
2022-04-30,GS,34.63314911575916,4.370639119971896,0.04936768009170591,0.12877113630188255,0.4742127587742202,0.12638687347499739,0.25824343103994274,0.2291352908693671
2022-04-30,HD,28.15136255452423,4.825637342733538,-0.01861467956053625,0.07418373283964373,0.44247484162658274,0.2870398212704569,0.2681123216536937,0.2636358006514209
2022-04-30,IBM,35.7673165601573,5.621381965195135,0.24064293386502433,0.07443888901107089,,0.23484142021737442,0.2556508803808416,0.15515397915251775
2022-04-30,INTC,38.57733467237716,7.229829752002614,0.14632360540690947,0.06176227456506463,0.6015823960922919,0.10816145403792014,0.33644258207110816,0.18493126225603856
2022-04-30,JNJ,23.999328940336994,6.01456787689214,-0.1714206654082092,0.1380019533469037,0.453942720765536,-0.006423581060140474,0.28835356633557147,
2022-04-30,JPM,28.798400425826465,5.646811403364283,0.10880092798265242,0.0297599552864585,0.566529472439026,0.13300062527223416,0.3769232151607672,0.23501738047046797
2022-04-30,LOW,27.820046427427044,2.8068502573183802,0.14980500264376512,0.041512841888278265,0.33088635791201465,-0.11907058409203322,0.5094047680596818,0.14687515120205985
2022-04-30,META,23.366436837900586,6.910323894349908,-0.041596932096912315,0.09413308457185973,0.5212947004251083,0.05326868287807558,0.27116354604252557,0.263430607002094
2022-04-30,MRK,24.460568269238383,3.727581182701339,0.05239105259445249,0.08878052791127371,0.5579673695547961,0.18403483056267061,0.2746318830748088,0.23391473069464802
2022-04-30,MS,15.752584720641487,5.508529376998719,0.20074219437336788,-0.013465967680510588,0.38843604395520664,0.10357303500051597,0.36218663759818,0.2817722926591909
2022-04-30,MSFT,33.186713151689204,5.450673487934666,0.1509809343940264,0.06959810089228254,0.6547820636869639,0.07672313132476509,0.266337332399863,0.19148419509899617
2022-04-30,NVDA,27.385574631135327,7.7950113573865405,0.13906561374725057,0.021340254967673958,0.44909516929846655,0.06332835385957207,0.33686118928952036,0.27390174191137306
2022-04-30,PFE,35.41216650267168,5.027728967304263,0.16840418524141187,-0.06824502398840475,0.5314340566115238,0.22202293077763985,0.447172612205045,0.11149253896911253
2022-04-30,SLB,37.926554597549625,5.370114063707298,0.04422561658045458,0.040503779164737325,0.6116760013007668,0.2979908214126782,0.31468941426523,0.23495365832749227
2022-04-30,TGT,25.02435726757909,4.9117176770044875,0.2021474318728423,0.09998714272142961,0.3993069304813464,0.21305169836818616,0.29509645990165734,0.24707525651878504
2022-04-30,TSLA,25.731629591003554,5.551840655016944,0.18200013732159392,0.16215020803608177,0.5940809779709764,0.1256887810444447,0.3942163851044169,0.10641177073097437
2022-04-30,UNH,28.000105494748997,3.04875634224656,0.027470651913181765,0.15664847500467316,0.6114978450062787,0.10613329126092678,0.2009028272005367,0.2850153012101
2022-04-30,WFC,41.20061375602938,4.880785271823724,-0.09822043229493696,-0.012249965731295526,0.7591852805707464,0.26402130080793484,0.2790545122229917,0.20121124912855196
2022-04-30,WMT,32.425078734305444,3.606696472426199,0.14782242980982832,0.1408026100591142,0.5954009561518862,-0.06245498680298284,0.3621691921129693,0.26474294805124876
2022-04-30,XOM,27.071834901571172,5.599837512382389,0.10880974324991366,0.10562281462431493,0.6719290370139849,0.030441359031251877,0.22002438992134143,0.12446451913080614
2022-05-31,AAPL,14.102171806332207,3.821208131963343,-0.022343552097352837,0.13967993377699642,0.49871026157261406,0.15866340587501815,0.32776665412183625,0.22058366202625604
2022-05-31,ABBV,31.299621746278934,3.32472277145198,0.0015303941740500288,0.1896152623091174,0.5852545411509193,0.2314708068751131,0.43997082433354473,0.2143858311827647
2022-05-31,AMD,29.918408607299565,4.462453826754015,-0.009384681880573814,0.13266743795928404,0.5079275584839447,0.0558445921586345,0.3243270692008108,0.2299890341016548
2022-05-31,AMZN,8.007174505074449,7.162893509287363,0.050276524211567926,0.11083174520745567,0.7821109141370324,0.16876772585703775,0.2625993719593348,0.2048676342425118
2022-05-31,BAC,29.76420879387166,8.30222832287644,0.1847734396549872,0.11249821571279232,0.34145457812989943,0.07312068164590085,0.44571477277591764,0.3428957658277016
2022-05-31,COP,28.74284014397258,7.238071058849526,0.01564165031848594,0.04921243181356386,0.44231738666293463,0.10956981474119666,0.4315064507744134,0.32546985331389505
2022-05-31,COST,23.025174108530997,5.695571654890871,0.07046698820906062,0.062445025380385155,0.4063371196804502,0.10013813494479999,0.3318933403156735,0.2521736348851238
2022-05-31,CVX,26.16015413127388,3.6126103791967026,0.13121531772891035,,0.6598318387487309,0.057303337335715486,0.4830172284734098,0.10373138025532201
2022-05-31,GOOGL,33.24811094579836,3.2427598668951605,0.11827959906871452,0.0352706584033359,0.5398507750638502,-0.007206717624934897,0.30059172321459776,0.25371254806779764
2022-05-31,GS,22.07295203325334,,0.07582389312757572,0.12204618654274935,0.47837126495508314,0.02957082758132787,0.30247102848476215,0.12338425478473897
2022-05-31,HD,36.291724219078255,6.33222331295111,0.012699870045733558,0.11830485058293143,0.6221261465982996,0.2692740235498434,0.28782291039276375,0.1597560519775258
2022-05-31,IBM,25.66074373651477,6.183561916592578,0.11086968348487927,0.03892858046048996,0.43559439286062995,0.09343897146353991,0.340328767340066,0.2470025901522624
2022-05-31,INTC,30.231579809501646,5.641202776937298,0.06927683742123573,0.13621044557309517,0.7873497060213062,-0.010375096393548042,0.31357807256371467,0.16406397973477127
2022-05-31,JNJ,22.07544804211474,,-0.01975952028642984,0.05543522476504999,0.5126431087856248,0.11510418492270882,0.3735359048041307,0.1956059073088314
2022-05-31,JPM,34.26277372479499,5.670741567255229,0.13548717581664915,0.15846418524345424,0.4343082026643994,0.09483979166983268,0.31021324934413896,0.28038791006892977
2022-05-31,LOW,32.18469963278632,4.654172334493192,0.13252913974654768,0.13324015259493255,0.5360998655194529,0.04833693360418461,0.29483957704970154,0.2482594121056498
2022-05-31,META,33.5189547479444,6.751317659621819,0.24371153151383798,0.17547929580455174,0.4664740642408502,0.0430362967325144,0.3357514053050695,0.21906853792232905
2022-05-31,MPC,23.85473581989103,5.375264203933114,0.22774742848127233,0.055977841209008304,0.40200276007652075,-0.15630172796255018,0.23991650908375822,0.33271667181328357
2022-05-31,MRK,17.959275571371755,5.819216870544101,0.09256685437015894,-0.014145823945132252,0.4312123866344039,0.1974722359502465,0.44978939083434755,0.19901422442042316
2022-05-31,MSFT,26.536613856620164,6.555476310242522,-0.1588968735774102,0.06235960003998774,0.4463413388888722,0.0239544851546028,0.37416675003415834,0.14491554151770036
2022-05-31,NVDA,44.53009622011227,4.999796175090427,0.21136646907226553,0.06892327990083696,0.2720786265825985,0.22693970710963937,0.40161601085386756,0.23345017607824697
2022-05-31,PFE,15.086772242744015,5.094927637010608,0.24831208487891385,0.10208879589494578,0.6093136092251558,0.3135021924768917,0.5008259174996297,
2022-05-31,SLB,23.918595360460774,8.109761037031493,0.07891900532415709,0.006047075119000017,0.4855182667059913,0.12451864006817268,0.32554967333463236,0.2129042791643025
2022-05-31,TGT,33.229889318064316,6.577226480504859,0.13995572128793055,0.0016100393024948284,0.5158994345032647,-0.13709776193347406,0.2731214348856695,0.19603048615410668
2022-05-31,TSLA,34.1657845270558,6.460806500545104,0.032529028193659354,0.04946498087332672,0.6699101209460007,0.13880729333301392,0.38433594174677604,0.14533832029610882
2022-05-31,UNH,27.834452693459674,3.165342479586337,0.1197277102021854,0.03598627114693091,0.40965462115789897,0.08885750018809077,0.35876445519209416,0.22834780042884215
2022-05-31,WFC,33.638111030112476,7.9807470656856,0.06328712148144183,0.11047614615775767,0.5616989212224105,-0.06450922982519933,0.2508577192017138,0.35316745314309705
2022-05-31,WMT,44.872237224966966,6.00692079176088,-0.08650644370557689,0.05172567033792762,0.3414195990726703,0.14968586542421686,0.32309529639782,0.3030248865261726
2022-05-31,XOM,38.257939515381075,5.011495723265825,0.07000641256241807,0.16652806922448177,0.3822772111071864,0.14512871819304998,0.10279583919895735,0.2140623427110938
2022-06-30,AAPL,20.680064324343576,3.8424475479121734,0.1132844691545098,0.07518164145552936,0.47847893646255724,0.06425072038507204,0.3249726514241979,0.20622842024899693
2022-06-30,ABBV,18.728066510277174,3.7958989077999403,0.19635552036637116,0.15419832906306657,0.7101936437686809,0.009890977172263934,0.2616540201706209,0.2599987404416401
2022-06-30,AMD,23.933805473390123,4.09108385049915,0.09532627901718949,0.20664351888049778,0.3827305312474991,-0.06425311891392108,0.3552519104080719,0.22970310448283085
2022-06-30,AMZN,27.250432869064237,7.3571067009310305,0.0011844672439231957,0.10042189239730072,0.5730924803136519,0.12699635923769975,0.3603808256970021,0.15326687146021695
2022-06-30,BAC,34.39204867830117,6.464933807284606,-0.11710236105388153,-0.0409000483778922,0.45565820898262965,-0.0024386840977332486,0.3727811668440782,0.1881766412562662
2022-06-30,COP,31.173248682589772,4.34075169598243,0.18129146760731735,0.07092634342729734,0.44849316400996586,0.25213584776090675,0.4242871946761304,0.25502749333875147
2022-06-30,COST,36.14604523489736,6.862226510303092,0.29638729761902044,0.1726058147743495,0.3358273292108359,0.009540041132160892,0.2863999057646347,0.20735604694955653
2022-06-30,CVX,20.975636566252614,5.837503784178913,-0.027240853608519716,0.13711882885231513,0.5324636215237064,0.10151984201190269,0.3112617958005782,0.3252497780607855
2022-06-30,GOOGL,18.87479932340913,5.011392416242762,0.02622266087241358,0.09321224625174551,0.3320992624405871,0.010379695280507834,0.48128709326621943,0.24196943403561985
2022-06-30,GS,22.19741253633124,5.407256943320392,0.2516201747443254,0.045975641825712586,0.4104988454568777,0.2916996663484034,0.3912834013868098,0.26816368826998505
2022-06-30,HD,13.271997548048004,2.4482179653172182,0.13225982429132277,0.04089728100689901,0.57027501303211,-0.01602417011559845,0.36874001229016534,0.2578310946163286
2022-06-30,IBM,18.314851746458274,6.549527731155138,0.0663290236090654,0.1422805649300461,0.5415750587764501,0.007132004246082332,0.3091220310497529,0.17461122760903172
2022-06-30,INTC,24.830227516924218,6.485365963112597,-0.08949413869602027,0.12118757977617137,0.6103790640380368,-0.1394014896934075,0.31870929545249044,0.16546229202862622
2022-06-30,JNJ,36.12301298859014,6.084075074738893,0.10620800072069927,-0.019038466845983384,0.5277238124605652,0.03397038079414563,0.33137176833268867,0.19584550895235558
2022-06-30,JPM,6.682046526682267,8.020000575276477,0.15450935810130495,0.09276895206072067,0.43864565420293056,0.1264093111287796,0.41136439236552813,0.15266856869970605
2022-06-30,LOW,31.900146115778853,5.365645931415143,0.23331847567555294,0.03910973431744338,0.449814883550117,-0.07628532762339915,0.40853167360738457,0.20123697647056946
2022-06-30,META,35.92023630526282,4.909295241097824,-0.04483326053530087,0.06744118151299955,0.6368933890041182,0.08416763229380815,0.2981841006235214,0.29559609766830763
2022-06-30,MPC,25.385344350532442,7.4161650762518105,0.009064456306509733,0.16848268362537788,0.7831650980845942,0.33187788284666586,0.41650114609593436,0.2415883073259369
2022-06-30,MRK,31.729654888712428,5.120474105663403,0.04948952906393066,0.13532464187376653,0.41338307730394797,0.13572253269678658,0.3452697842128771,0.14704494580665226
2022-06-30,MS,27.86521045004628,7.326941460384748,0.0462520233282008,0.06647229830931843,0.29622759537890275,0.12752411219221949,0.33048465610658917,0.20168542102029555
2022-06-30,MSFT,25.83964030291261,2.755163715479126,0.049498537540832215,0.0880987346652633,0.4846637168133985,0.009803991666608225,0.3235735813450314,0.21299296948741103
2022-06-30,NVDA,23.63743932798691,6.9179496694233915,0.16211544509804987,0.16952047419106347,0.5415896520193485,-0.015991852204844975,0.2380821449189789,0.28689922381109445
2022-06-30,PFE,19.214206920772003,3.141269311357499,0.15983735183639777,0.09686526836739856,0.40340744519882626,0.08950885478352652,0.3717016871191929,0.233899396490757
2022-06-30,SLB,21.048814945615813,4.5796744555258435,0.2610287156148552,0.12004221073174337,,-0.007803095453423295,0.27357727680290367,0.29555263720817015
2022-06-30,TGT,34.89568637547168,6.232568571607215,-0.09094659390912757,0.05580946579977586,0.23460891621202384,0.2295245936773197,0.4056715359709564,0.20276310103549602
2022-06-30,TSLA,18.43624563288637,6.3429153450187945,0.10764730971149358,0.09411006995386947,0.6477819652418537,0.07083266707086638,0.3935741722893741,0.3304254788792079
2022-06-30,UNH,46.204641144270724,5.794041936324536,0.11782028695812896,0.15853255312709924,0.4855153104624412,-0.005787064152722732,0.20716728283726032,0.24171577340423053
2022-06-30,WFC,16.271266112337795,5.159382215938024,0.17289953950789202,0.19509954445707675,0.5427391438416538,0.0455006064694197,0.39711258407247363,0.20621768060800963
2022-06-30,XOM,30.265778391962325,7.14299787014177,-0.2,0.109593722055852,0.4622950816068618,0.18088071466323058,0.35520732394055926,0.2369834660885694
2022-07-31,AAPL,46.64048430008306,5.5230135107751686,0.23554212047758122,0.06577635781582625,0.503823843255417,-0.06188066584522581,0.20288933868217374,0.28784715054930016
2022-07-31,ABBV,13.604986451852202,2.845921136011523,0.06872797540672862,0.01882917283323607,0.7023378196699342,0.1838191090053683,0.289695765884844,0.13448279336699676
2022-07-31,AMD,22.472519174004177,5.692999025534547,0.20996506761128175,0.09007834693607625,0.7604133572808232,0.2299976711512622,0.4066902850999644,0.23478040200103814
2022-07-31,AMZN,23.774091059572914,5.0180891875755735,0.11234743011909264,0.1531007443197857,0.16670898503237996,-0.101911194255043,0.36984058390368346,0.15932178933074165
2022-07-31,BAC,13.46782159311199,4.016498393922189,0.12370596017224476,0.11368070393094995,0.4565982126913983,0.27247031169866276,0.47925437568089074,0.3407126306405198
2022-07-31,COP,,5.940878264473385,0.1322441996361517,0.07520181617184266,0.5300718725346247,0.08323348918643533,0.3855453807035177,0.2965000674636497
2022-07-31,COST,29.605315204632834,4.098895380041542,0.027660697808051596,0.11612398375941517,0.5425010429676935,0.08467299689838348,0.3247475539202562,0.3215927084480318
2022-07-31,CVX,44.07896301449703,5.376113448303813,0.09912442743075807,0.07402658201294679,0.6169159369894643,0.16814483515813267,0.2633111413141335,0.31830730090212406
2022-07-31,GOOGL,22.613235792784216,5.802351719982753,0.1834106606492031,0.06728244033217219,0.3390234204151511,0.16139555381906326,0.3793662043986296,0.29000527962318867
2022-07-31,GS,30.29255284373184,4.189867190237141,0.14048157842107267,0.18436251648351218,0.6026756339839027,0.2923856750646308,0.24181849504558353,0.23479104001045095
2022-07-31,HD,43.40515663739266,8.68857331339262,0.24350233770863414,-0.044670186000595094,0.33225964835924493,0.07897369834142,0.3860484861928996,0.26939715299601846
2022-07-31,IBM,15.19474960841246,7.28785340959996,0.058232814000099505,0.02791413344983723,0.3224253573956606,-0.035563351029693324,0.38598996664203844,0.20663907994860506
2022-07-31,INTC,30.070729869426778,5.233402645442026,0.01275612109324932,0.12955425470363074,0.7565293803081756,0.06775637777837373,0.26359545774227816,0.26956429101918417
2022-07-31,JNJ,30.7134156606551,4.962198379483694,0.20349305284483538,0.20992238375524996,0.4910739617919309,0.12887040365749733,0.3166645023255706,0.07598845251359118
2022-07-31,JPM,26.55162148464253,3.510023484595439,0.10719620081169562,0.14210221592927097,0.1264300669161617,0.07294191785257574,0.31705875619515356,0.2735926972267302
2022-07-31,LOW,30.053371359571038,4.802862130983211,0.15067229832565465,0.10842351756141604,0.4854026172325323,0.08882000509461913,0.30529090109503415,0.2825977306427996
2022-07-31,META,24.665867550219424,4.192241617517523,0.045219227202589016,0.08322148159690575,0.635866438461157,-0.16834862772220358,0.28834429200979245,0.21890796445978217
2022-07-31,MPC,22.049922027597592,7.815869179304234,-0.07543401744556297,0.16118566998706524,0.3459438348114975,0.1620247260591349,0.30232933178270555,0.2837917368457415
2022-07-31,MRK,31.07203897361096,7.115652909063625,-0.020843913169592262,0.11136073955401671,0.6168788030625345,0.14067547942215766,0.499324699216443,0.150238482700142
2022-07-31,MS,31.23259339466277,6.925598690642207,0.08785402209254653,0.031456809677373396,0.46823633055755215,,0.23635996819886257,0.24775288730763906
2022-07-31,MSFT,26.40581760793396,5.411265506492302,0.034462142008536506,0.23991417145880856,0.4678985749838664,0.03312868387009539,0.2882977191751652,0.2897267882760381
2022-07-31,NVDA,45.71721847898253,8.165616495734612,0.22817679723454207,0.13283305150788244,0.1672999771789882,0.1648890314727314,0.24823857346118325,0.17070249544769858
2022-07-31,PFE,25.947728611716443,2.684129959846761,0.050217011105684294,0.13122369357543806,0.6486099826880739,-0.017073761561397782,0.4196860572078456,0.27513661153093405
2022-07-31,SLB,17.628068094098552,6.672114742344481,0.13524396237822411,0.04448554710126392,0.8661211477861046,0.07642436287309357,0.3264891115926666,0.2729221365057
2022-07-31,TGT,27.365166331299008,4.120062341610776,0.13160211212284426,0.16703193535854732,0.4747442764766444,0.043380196170503565,0.3526023175577301,0.31560796779842215
2022-07-31,TSLA,19.807605198464245,5.237858290106787,-0.017426151454872807,0.14661295846021882,0.4973086852909267,0.10840156762146126,0.45086718250312596,
2022-07-31,UNH,25.951451174406237,3.1706306484092117,0.15191364316395864,0.11320424666979287,0.6111012087154672,0.056603205351009045,0.31206547807303425,0.2820838392471346
2022-07-31,WFC,10.702146297848007,4.31139775617567,0.1968258730651994,0.024112910257646086,0.45041068563269915,0.16440878390781669,0.423961942189589,0.21782220699883717
2022-07-31,WMT,22.445767512535703,5.6955539981112056,0.14768558476651442,0.0689432328920265,0.38426877110046576,0.1542958328110785,0.26092050615834805,0.22673047641924274
2022-07-31,XOM,32.524507395849135,7.109323872344515,0.17334509352622357,0.05229291733419517,0.7521636181115159,0.07280160537879793,0.36816168348508665,0.15546952423580856
2022-08-31,AAPL,30.914317717782538,5.677710986113939,0.08193830397891774,0.21020643704347095,0.412758405235733,-0.100060407554807,0.2334353502628656,0.3200705971962653
2022-08-31,ABBV,19.040665342616002,5.0155798831085585,0.07100024322882133,0.05040907245211499,0.654218359240717,-0.039447630555187047,0.2975433464546732,0.17937870800543518
2022-08-31,AMD,22.404948163052453,6.4672985711142355,0.09892498119517491,0.130987952252441,0.16786699629141494,0.26694790347238495,0.4354626418814459,0.18397106890291004
2022-08-31,AMZN,35.39843422318303,4.918910925839458,0.056414933994544766,0.11894307450284788,0.16582448509942932,0.10883867585282926,0.32207635755931735,0.18521580995421455
2022-08-31,BAC,23.952539670920928,6.002687857933056,0.12878139221303356,0.09780955139606322,0.5589155459909685,0.1411160889192625,0.19831213035774667,0.05993381879470952
2022-08-31,COP,29.421522000802696,6.550529752916384,0.12252266119146811,0.00998456800277904,0.5066921978126524,0.14037620188308592,0.3459651274619274,0.23864408535557918
2022-08-31,COST,26.343720298432192,3.726411027131334,0.14507710838112758,0.17906952944623764,0.43535013250753707,0.012859655003324727,0.43453414547747915,0.22357884526273533
2022-08-31,CVX,29.44923483505311,4.186294358734396,-0.003148322849249749,0.11329955743303488,0.7182448389829209,,0.3238280004049233,0.2323524449004992
2022-08-31,GOOGL,21.370659275879877,7.234866305443939,-0.009296948007395042,0.10972817016907636,0.1841018365758652,0.17333207593236527,0.47420009943295505,0.14705962003415066
2022-08-31,GS,24.28221095280972,5.344667336265863,0.0776268470385577,0.08649543709032664,0.3590421871529418,0.04066542628277724,0.479359795718232,0.16770095815732347
2022-08-31,HD,29.368898282119915,4.16992332567256,0.04774919225056755,0.1088848152490836,0.4936639438766583,0.1531863742858066,0.2996523484267921,0.23732400270350748
2022-08-31,IBM,26.939094096602393,6.448454791564798,0.2045962832069611,0.1634925606537832,0.4169966400568199,0.3353277404590364,0.4879099834095374,0.2068097826946541
2022-08-31,INTC,34.34692211886254,5.203331218228258,0.14533367619003895,0.16500205838786663,0.5022148262641407,0.112843408402979,0.4188321364360158,0.30326417395326033
2022-08-31,JNJ,33.3825966891946,2.7854483324633583,0.09555778959041583,0.13014130606091376,0.757152541979949,0.3472373433918775,0.33481635141365984,0.21711994286162675
2022-08-31,LOW,24.97201069682437,5.5220306519000655,0.30850907984286646,0.14724711856160588,0.31921012938301063,-0.14503545193937523,0.35329192315929,0.18577859860852863
2022-08-31,META,24.2891001224624,4.471543843157876,0.230402970136677,0.008819634841728333,0.40207026234914894,0.10273143589567993,0.3202506761945956,0.2331606536835273
2022-08-31,MPC,33.20722603681309,6.608782760990701,-0.05272317330027737,0.05027009399600953,0.5135403800825077,0.11228003207720594,0.35453495227482396,0.262259933237329
2022-08-31,MRK,32.93158547927467,4.063027230276907,0.1136577944736196,0.10559712943637818,0.5989966809568271,0.2493526271304862,0.3616557450921731,0.2933074806667122
2022-08-31,MS,15.718328763633217,5.388078046266672,0.1910603544128805,0.058473632926842725,0.4085364178614414,-0.10170054665938885,0.3104552619146796,0.15184701322994176
2022-08-31,MSFT,28.3969353964031,,0.10823377964784672,0.1649251763169942,,0.0597511707600263,0.4199050411839528,0.33024844375364903
2022-08-31,NVDA,45.68855993257451,5.3239284523441635,-0.009080635964803505,0.1281126602670001,0.40548402008298906,-0.013221876997728338,0.41897346140818537,0.19618911908251077
2022-08-31,PFE,22.172588332443702,5.734966718468974,-0.11188704692927146,0.1996899098681216,0.4281916319251913,0.1824178007333723,0.33530435460775887,0.17668339655193807
2022-08-31,SLB,27.028247245413404,7.912876771182838,0.24132925749479692,0.07266584258505235,0.587295878088813,0.07576886250608668,0.3198545370878171,0.23514277502285882
2022-08-31,TGT,34.982130011057365,5.151463443409554,0.15592118185731707,0.1889835145646047,0.48861100166541493,0.15644551866599934,0.28238583250086413,0.2555067847319822
2022-08-31,TSLA,22.374707857126005,7.472918733798618,0.15342216354635443,0.15423463320563427,0.5020416349064062,0.15860745518049027,0.3755081670458206,
2022-08-31,UNH,37.87216619391023,6.598734185262453,0.19486618422983568,-0.04530652443300774,0.780737172251465,0.16170933949286667,0.23233484842707042,0.2459710780588041
2022-08-31,WFC,30.647010203016336,5.567428874330059,0.1751175906612244,0.10642301241243614,0.3764035696739045,-0.09953229174118844,0.3451360951770245,0.058059887628482715
2022-08-31,WMT,43.82938917910346,4.850995882126003,0.09306205669302504,0.08437594669695045,0.47723235681989395,0.03862742162129828,0.3253343203563271,0.3064585828804528
2022-08-31,XOM,26.465399373812314,6.524603298588614,0.22525952377903954,0.13124548446286052,0.5526508465841112,-0.06049646502805184,0.4095150085337933,0.2820129883682499
2022-09-30,AAPL,20.787483131706995,4.401111130326097,0.15882152979344813,0.07934712121911987,0.5182478436846456,-0.12664470501255518,0.4076672707965838,0.3021140871720211
2022-09-30,ABBV,34.67614569829591,7.716335758722037,0.19155600680426527,0.005273162481248955,0.6416903784994257,0.1053088516711276,0.32724031346994714,0.2583895609846498
2022-09-30,AMD,23.177754536603324,6.228218821222843,0.1658782759902325,0.1537669601854872,0.18587032351577926,0.1190508534734735,0.2956954334911852,0.1747126255175322
2022-09-30,AMZN,37.425956921633826,6.82258607546376,0.07933930354293478,0.10648589980176087,0.36874983833236696,0.42449335238407016,0.3528375668401139,0.10925089112226202
2022-09-30,BAC,15.946362715118308,3.4033740235751004,0.019213333641767347,0.12448027590767283,0.46033731141319006,0.37660245221906563,0.3731262343804019,0.1615383085004495
2022-09-30,COP,32.484118102669214,,0.10042777601625708,0.1838199378153251,0.5389503468365672,0.01485370404537896,0.4453840999936066,0.20738001809107978
2022-09-30,CVX,26.197215862047976,3.449462978655311,-0.04525639210423402,0.0625179089001958,0.37635349177387634,0.12579168249093967,0.22948760989095413,0.2669803953687534
2022-09-30,GOOGL,28.60937032959106,7.456461272672956,0.19312790009955233,0.11024703935037468,0.7051526325742263,0.14026886740497457,0.3711159595147844,0.11801671594520365
2022-09-30,GS,14.125430565195735,3.9694098363403154,0.23882377704129823,0.10178791174847605,0.726506489954332,0.0230137787608016,0.3312050086375131,0.3344962452726057
2022-09-30,HD,27.0880802491603,6.566564653021455,0.013649222175968034,0.11692810362543174,0.3315158309594834,-0.10716911265411966,0.3630026704576884,0.1974876504063278
2022-09-30,IBM,31.793401411946597,4.345347125054668,0.07649470934404543,-0.034524716769732386,0.23450880020251424,0.21299467084580537,0.37242743639479486,0.29417539388746705
2022-09-30,INTC,33.849309853943666,7.0165247087308025,0.2470090661682266,0.028114990335836684,0.502537767986453,0.08132991123869597,0.48953893190136244,0.21322038104088062
2022-09-30,JNJ,25.469704297864958,4.647940750123707,0.17170623888557396,0.05234609465023885,0.26868179638779455,0.1818117538244885,0.42573575957502685,
2022-09-30,JPM,27.94323924912297,5.230084061164647,0.1529603289930606,0.0035235513039762606,0.26910447803713355,0.14978464024499857,0.3485037226845196,0.2035712213117619
2022-09-30,LOW,31.991835683444283,2.4353349846960874,0.37889426893524536,0.045544784532053,0.3261850430687984,0.12255184432354756,0.3936996176135618,0.11855731315252346
2022-09-30,META,31.772940165360545,7.535744080937711,0.09243773045376145,-0.021453505719959853,0.3553746568159419,0.24150533026027193,0.38335183500900905,0.2584951951314273
2022-09-30,MPC,24.031619492759088,3.127216922604731,-0.09449792275193494,0.07902741548248331,0.5646971112603936,0.007791298282463374,0.3627523405785637,0.2331601280572781
2022-09-30,MRK,29.229021769652867,5.677957966731281,0.1266892752655573,0.11050296942478163,0.6900632629760688,-0.3,0.3850180580938082,0.15596391646732402
2022-09-30,MS,27.915913078375436,5.878164290119064,0.1027214334274422,0.11582063595010705,0.6817286025212215,0.21640091187922306,0.29350482110134263,0.31331218129353944
2022-09-30,MSFT,32.39738721897171,4.369425823580785,0.07465562583920606,0.10140730372653359,0.39866242028012355,0.11213423365004663,0.2690300613120624,0.18753181218344417
2022-09-30,NVDA,33.21928929178293,7.016951989351089,0.14477657385402867,-0.015346527258545892,0.55708365409645,0.24549923799516804,0.20240221322886842,0.27928626123601336
2022-09-30,PFE,19.184092355460393,4.459235930696306,-0.01761473809415326,0.11828727747677914,,-0.013501721353675153,0.3136470974277835,0.1901434583376039
2022-09-30,TGT,26.463753703547226,6.159092822966494,0.18829765532985593,0.09363586600522354,0.6945630687360557,0.45534246217941365,0.4695673783787878,0.3227257299835368
2022-09-30,TSLA,41.335939706598815,4.3607486564904105,0.07319092521088186,0.14445456707208917,0.26914757108260245,0.19051964615492606,0.32605492236734857,0.23144682868504804
2022-09-30,UNH,26.425222748654985,9.161164579530238,0.0007603344402760809,0.05410320611149807,0.4812156921864573,-0.012995196205316181,0.4043156426373156,0.1667703967080541
2022-09-30,WFC,27.2857209974861,4.013647602933934,0.060727593411613386,-0.009848958210763592,0.5093920197675312,-0.02203121114372579,0.3534516778002281,0.2694408156171926
2022-09-30,WMT,32.080501442278134,3.651117657536197,-0.0383354309301632,0.06609202297500599,0.3633462135550689,0.029145146341099923,0.3374629687612757,0.18371629372347448
2022-09-30,XOM,30.71320310151842,2.162570280276339,-0.036301701102906425,0.052986879146899396,0.26155366230076943,0.07039719066649949,0.4452436725815536,0.20956535660781253
2022-10-31,AAPL,27.954365339642038,6.43905132901668,0.08369537039729921,0.18814730311366645,0.685922627934752,0.1605160404019003,0.4483819855471011,0.2112943955137904
2022-10-31,ABBV,39.5774308465706,2.08116315977868,-0.051704705679968876,0.1587922846176467,0.5994118520361102,0.24129733828963526,0.336128710969139,0.21629031568465212
2022-10-31,AMD,32.664242273682504,4.177959028305892,0.21091201504689921,0.05276110042260487,0.5916778037837671,0.29670975887503914,0.3775693312485352,0.19788006952564793
2022-10-31,AMZN,31.484812492367684,5.142120356635739,0.06192875566240169,0.14233630227628027,0.6026516358939836,-0.2615068575582785,0.3765787094410904,0.2142725865701544
2022-10-31,BAC,23.589314800336215,6.087780526016313,0.22397833244812043,0.13587117155629577,0.37186485509104383,0.16957777072890526,0.3001313675151458,0.3039118630004844
2022-10-31,COP,33.56209630888416,4.457984979399925,0.10892221441188304,0.04399427227258206,0.4510587512777082,0.1237000611883195,0.3882473416801468,0.20933259957567582
2022-10-31,COST,30.1553243969667,2.282839465962285,0.045158436156661826,0.15455695258468333,0.41500416988633404,0.13844169907730877,0.4771038871306199,0.1701938372295528
2022-10-31,CVX,32.23099265835209,3.5971696687908414,0.07784761701049389,0.19455196332161578,0.5607992119001306,0.10199367163720163,0.3349771107669022,0.1826391186506705
2022-10-31,GOOGL,16.874355937753126,7.494898896537047,0.09324649097234997,0.19127550136017873,0.4939359370800638,0.33521864395814455,0.377209088433207,0.23312194077011303
2022-10-31,GS,27.167644325508267,8.222846708289264,0.013061927004353852,0.0033386811773093855,0.6470306410704039,0.06586066316261119,0.4224634224498679,0.15644812144539832
2022-10-31,HD,35.271518256111946,4.196982335823864,0.17385713975659334,0.11574765844079035,0.5259488553332636,0.2312680787462056,0.4560149228237373,0.2699871674372445
2022-10-31,IBM,31.29490987828549,5.804872108847769,0.058704340343681174,0.02247792996671187,0.6452653446025213,-0.004319799194154164,0.4183752339238724,0.26754100647790485
2022-10-31,INTC,32.316822568000504,5.815270307511182,-0.09474443606006192,0.14612160152667844,0.42658501440795016,0.1262313155940422,0.3339236034658653,0.26945439306302527
2022-10-31,JNJ,28.545815402943514,7.331361749118283,0.10399964150724003,0.13508820715214442,0.41219426499747425,0.17126902687469048,0.3180993451270918,0.21743562700256638
2022-10-31,JPM,22.191808100346933,4.165244880963488,0.14856471335684096,0.08665132896357174,0.4417467372784437,0.5,0.4614198924836374,0.3044121246400985
2022-10-31,LOW,27.871939928152287,5.8328127727912324,0.06142783050590501,0.12466351418395175,0.4586777467564899,0.08908918417418334,0.3893088049945402,0.22218191708315077
2022-10-31,META,22.20971919121581,3.9916450991335477,-0.08554819731475635,0.23650201587029274,0.5546188600457145,0.017342087899455613,0.24865071165721303,0.13672773885148842
2022-10-31,MPC,16.181200742707652,4.87020078365367,-0.0030872370096868412,0.03721656602398557,0.5917963170841926,0.05720681104384151,0.4026609066521196,0.2661076826076056
2022-10-31,MRK,18.338726744645314,6.362867514708874,-0.09917331236746801,0.10061045339189723,0.3143386184674707,-0.04117967377080359,0.24866606946044328,0.2045558880222249
2022-10-31,MS,24.392712798039376,4.6544033151349735,0.14196471539452715,0.14269437417822944,0.5767653052584087,0.04834681788638888,0.26351332657435833,0.2611703029148446
2022-10-31,MSFT,29.010028217156833,4.765755268563281,0.039027588948549324,0.07665162037153617,0.5522863407810356,,0.355314493506772,0.18602133957525213
2022-10-31,NVDA,26.72928627296868,5.684787041033517,0.1738001992918202,0.059501453276137616,0.549219694858354,0.3384689410479156,0.3796577016951562,0.2522684284363773
2022-10-31,PFE,20.955122950734037,7.622654642880454,-0.06249228572451021,0.1068206398306204,0.41493931479143503,-0.004434388512085746,0.38878461719793195,0.2813073195199665
2022-10-31,SLB,27.57447467135819,4.796568909624091,0.14209129222066125,0.0216705876047968,0.7052200203237388,0.11919157214916262,0.28735194027447586,0.14029440317948577
2022-10-31,TGT,27.7843425257792,2.2879007535020475,-0.035752953227021184,0.0969830573554155,0.6694696250752686,0.09520364436105977,0.485651519950285,0.16968821839454973
2022-10-31,UNH,23.45372126549615,5.555953389352742,0.06331218882161009,0.0838672069889805,0.5299802884186594,0.1653172617099704,0.3394375935267557,0.2029523309411071
2022-10-31,WFC,29.088061330728895,4.442000636579483,-0.08134553918348145,,0.506923913204365,0.11223063939314035,0.4518417464616273,0.18275897145849307
2022-10-31,WMT,29.059491289408676,5.989654068009103,0.08088453896561024,0.03221580523083124,0.5140645035798798,0.30719136706170924,0.4698258096784965,0.2600915619103458
2022-10-31,XOM,35.40441817886432,4.75852570848079,0.011201040411154856,-0.03264732147270703,0.6077235961109072,0.1259549991326099,0.2285062787628183,0.26221570665867844
2022-11-30,AAPL,37.45626805749339,2.585917872525552,0.21668139340214954,0.033845043497318775,0.49434212108504977,0.030439055609022492,0.2613143899277006,0.2327113297526579
2022-11-30,ABBV,16.999494106574247,5.869102819262736,0.09579224758348687,0.10820146260338566,0.5690803775245025,-0.26906201666694707,0.2008417404269375,0.29522034492254046
2022-11-30,AMD,28.80391988698714,5.202700224060909,0.08438111185576783,0.02823572153090373,0.7396546709252085,0.05876016309610654,0.35405473426208467,0.21336831467529296
2022-11-30,AMZN,22.70581136178975,3.8194874152689167,0.2100362851941695,0.06887373042425568,0.3924718761187119,0.20557610198619147,0.3955889452452933,0.26469309253913137
2022-11-30,BAC,34.02196386080394,6.173595140740545,0.1204175778596606,0.03028635839302171,0.513909595407649,0.12665624970783662,0.3900221128958349,0.21108355917674168
2022-11-30,COST,16.206896440968567,5.143957526790724,-0.036616358081381306,0.10223094400899736,0.5510771856295251,-0.08227434671352876,0.2296354256325986,0.1312450154728113
2022-11-30,CVX,29.91250059402674,6.005094557979515,0.237901002979634,0.13730633743421977,0.38109660552596397,0.11756726038280443,0.27307230936916543,0.10628661754619297
2022-11-30,GOOGL,20.048222049695227,5.722383122026619,0.10993565722397625,0.05127605159752445,0.36493076937477936,-0.013540757682756505,0.4072919022111306,0.18502471064197573
2022-11-30,GS,27.880281859575714,3.502685456738383,0.12365674629227424,0.11430145697356901,0.7238140552907887,-0.02757047993369577,0.34225075301592695,0.19824800841081874
2022-11-30,HD,28.31573658380842,6.616290899323407,0.004895933727379537,0.17157078873237452,0.6827888544330168,0.13805166457674198,0.43053922616838214,0.2294296190924463
2022-11-30,IBM,21.26164498078308,6.618427875588411,0.09725716207085759,0.18605654552538275,0.6116574166674247,0.017929259544606252,0.3327312017972633,0.1407407953240425
2022-11-30,INTC,33.55616955235516,5.1813695825779895,0.07209449486168207,0.07172738461071416,0.3964306966342876,0.08131516218272782,0.5704373774854752,0.2722681745422428
2022-11-30,JNJ,32.116668412250405,6.988903964665431,-0.03496851796079456,0.15131329837692972,0.5590583087314428,0.04614916333774637,0.3847854941760022,0.222032777109864
2022-11-30,JPM,29.488010227291475,4.7932311418742275,0.1991543471652689,0.08632342523756956,0.2578357615688095,0.018855618376894576,0.2695588707500509,0.18208796275204783
2022-11-30,LOW,28.069923345746172,5.894430560039126,0.14848237343838216,0.10625635811224422,0.5896835174346362,0.002656694299040682,0.28423784879260927,0.19721012910182334
2022-11-30,META,21.45859661295937,2.8866298871955878,0.20249853218625596,0.06753911656548503,0.18110208243589776,0.061981822316392744,0.3017089035790098,0.24491968627415214
2022-11-30,MPC,24.769200354177542,6.974344726914012,-0.06761012483181175,0.007010004216249935,0.5037260210052577,0.07587397988274669,0.3321360775157313,0.22875916245779546
2022-11-30,MRK,31.404084610000012,8.745005976229749,0.3229812129575812,0.17150687900558304,0.6856018296143337,0.15403890082930843,0.2555339617085435,0.25012709997384586
2022-11-30,MS,22.524076404153504,4.670816521100744,0.07664623365047946,0.00426850725556753,0.5183682411366322,0.25550930298156904,0.3536618502722299,0.3801774039162864
2022-11-30,MSFT,42.09582487655851,6.740065101524066,0.22583032436487688,0.17417957826290936,0.5873453858809882,0.07318430392698731,0.3621874082540081,0.2812039256381407
2022-11-30,NVDA,27.99167363340066,5.853933882288289,0.06753488298565885,0.1624046240326875,0.5777826628330462,0.06315623954841476,0.28214315752031194,0.20714731904212172
2022-11-30,PFE,34.14073599471578,8.25736389570611,0.16100513298790137,0.09289095659492615,0.5529291004355738,-0.03043589101927094,0.37533057662142555,0.21745393657641066
2022-11-30,SLB,44.596141387977966,4.244306052427258,0.12560467705513947,-0.024115299771593393,0.47964191292724007,0.1356360835313933,0.2787402014379041,0.2476288988771054
2022-11-30,TGT,19.223738200184805,6.595747091894323,0.202081524990148,0.11449794595032167,0.5593501749036347,0.3860230286322708,0.3765345075925767,0.27437165967142024
2022-11-30,TSLA,29.00480122921792,6.025156195533623,0.13831320506962885,0.1627011922389172,0.3646468302057206,0.18488705732710148,0.3982348295998898,0.12708972824308423
2022-11-30,UNH,29.029822664683977,4.644533011021469,0.361400385969209,0.06375128611155298,0.516867773883332,-0.04558728629473646,0.5428722777492166,0.30992140005559776
2022-11-30,WFC,26.95117253515819,1.720916361286783,0.11445666326678348,0.07732383008878388,0.41381719356809477,0.18666544169924892,0.2848441789897423,0.18814781049396137
2022-11-30,WMT,28.83251529301049,4.7282799839549154,0.15912878313705903,0.014842186039383004,0.41214515728518175,0.29260044190543055,0.30966561142588483,0.29898588000362714
2022-11-30,XOM,43.56051262133392,4.094711793335233,0.04529549146893383,0.15772458601431638,0.5128213477322147,0.10723126056490251,0.4025813876924214,0.25857858200029915
2022-12-31,AAPL,23.253694421644397,5.7948891284346224,0.20399569118439997,0.11565413433314414,0.5944550718618792,0.2251877932933707,0.30661889363704276,0.3188989023449279
2022-12-31,ABBV,34.09375022189701,6.864739066691694,-0.08539895154062913,0.07788649487514432,0.39421573147663125,0.01982168215357992,0.4137220874457981,0.31161344358380627
2022-12-31,AMD,20.823392499751698,4.2278809790199015,0.125239367103747,-0.07043368076896973,0.48782096641130257,0.07907901385622129,0.41655142172428616,0.23024769366759412
2022-12-31,AMZN,30.486493073845633,4.266226587753665,0.3023317492221299,0.0741456812096189,0.794278549705482,-0.04654739761036525,,0.23476022052814668
2022-12-31,BAC,21.39411601277419,2.7571467308164297,0.15490397459797628,0.026005693852781592,0.43466077282845716,0.204111973460413,,0.2975665421498518
2022-12-31,COST,18.61944556176571,4.944289669169995,0.2551223163051164,0.003212378500718746,,0.25690334110503027,0.4417008701533933,0.23410421418053565
2022-12-31,GOOGL,20.46198531855542,4.850028757277451,0.2158007193930831,0.14795721291758898,0.45108168563605516,0.30655936669980205,0.23944121926573841,0.11238601718101544
2022-12-31,GS,28.85332239126226,5.556409852120393,0.18578163312439985,-0.01169674838648814,0.6126997514110305,-0.07718715593565909,0.3968453893145949,0.167231188444457
2022-12-31,HD,30.863632489506912,5.002124851059121,0.28678302836795755,0.16952171842303346,0.38065005355833575,0.2382576873174858,0.3500339909043345,0.18218722992476102
2022-12-31,IBM,43.019707767519655,6.373107339149421,-0.081444355437853,0.1440153306915889,0.47301407382061456,0.22821354775049693,0.3463218560008618,0.20380371176645767
2022-12-31,INTC,20.235682761670596,6.737031883572955,0.10915946452317048,0.0009489921359623205,0.4012720833051251,0.38877482017258724,0.2888205464178381,0.15377952488102975
2022-12-31,JNJ,28.159321722488286,5.679625105683058,0.08600337459570162,0.003973225560432947,0.45831734633345467,0.29611827923949563,0.34170377302817445,0.23079159606904673
2022-12-31,JPM,26.123807774723545,6.2869333458826135,0.11996341464609482,0.05412744031073587,0.6502143247216897,0.14797056248649848,0.3249235494297583,0.23212251130985956
2022-12-31,LOW,25.056523412926396,2.060705146287642,-0.01576799277623414,0.1584220955812493,0.4411814490561936,0.1726711037579124,0.24124007558357244,0.24386373679538761
2022-12-31,META,6.597988347100237,6.137818523491471,-0.11792202406068575,0.04207592024752849,0.6829162253351461,-0.07233831254176007,0.46401596478500007,0.23717345758476657
2022-12-31,MPC,22.77960217200517,4.003895766674938,0.10935809302100172,0.12028304403190518,0.49489364440031225,-0.05738850317527536,0.3745827223543934,0.18972616748817034
2022-12-31,MRK,26.563396583148666,3.8923215431984293,0.17136433137370521,0.01787077159048929,0.5389130666405973,-0.16442110301861182,0.2811048998846327,0.2755988192055761
2022-12-31,MS,32.8546564095613,3.9177183394427018,0.1220761473526889,0.05955943546352836,0.6723728438043328,0.07296808112225411,0.5399651230777194,0.22265086113002422
2022-12-31,MSFT,24.81455516759237,6.744174626688272,0.12961878168824456,0.026631917402777303,0.47402086264919946,-0.14691341117822204,0.24258453217049325,0.25090762838296987
2022-12-31,NVDA,32.20913535761983,2.593320974731403,0.05600073113107719,-0.01966156681451872,0.32563591372775064,0.09519393439198953,0.3539703171248414,0.11353255549126955
2022-12-31,PFE,28.37461546141631,6.225129498033814,0.0701983003192685,0.13223313014304341,0.4786985690913491,0.31046573156882995,0.4235201583232608,0.2287575681921584
2022-12-31,SLB,26.818168443506572,6.038320945856751,0.1509724323748498,0.1085016194766401,0.5708813062345366,0.04682534244196875,0.2707016466942449,0.18776768263215135
2022-12-31,TGT,39.24218004487757,3.999039240430578,0.14980350648581275,0.061357893555819686,0.5663924239644574,0.1858788259584452,0.35866945284968793,0.2662755944485918
2022-12-31,TSLA,19.555621810001856,7.485655508419958,0.09701098602925581,0.08369937309502597,0.5835642066352762,0.2513341693853658,0.32058302942186556,0.1406364001676732
2022-12-31,UNH,27.486224267797652,5.067689851504635,0.24016759569251422,0.0618167769543535,0.5260593715288068,-0.1625663125528233,0.29999658512772764,0.2752628970924571
2022-12-31,WFC,32.0595843901603,6.102875035907308,0.07309229921053809,0.04690194872526651,0.6432980247963591,0.15076732859341685,0.39553434377747915,0.2266914819452646
2022-12-31,WMT,29.911513436200384,5.453831177298676,0.058100762565305435,0.13798255354232372,0.3829941156771241,0.0013449732805050907,0.3364686137304484,0.2464929715615914
2022-12-31,XOM,26.371569093521998,4.26517564608606,0.1708805415773202,0.04752920104563414,0.31044477056500297,-0.007999567203397076,0.28172966693680124,0.23038380620986537
2023-01-31,AAPL,,5.4378684702775475,0.15769728458929955,0.01141914976055304,0.5595089118898251,0.2199475344305343,0.32898895595555777,0.22022613661633142
2023-01-31,ABBV,25.750308260524143,5.406906120185512,0.11414550981687896,-0.08714023018282192,0.3592207776984221,,0.38692699459123847,0.1685133449278945
2023-01-31,AMD,22.494314795510245,4.000788508772591,-0.04965978633510981,0.08234155113173261,0.5859235097606162,0.3212659558980911,0.25872333399224,0.18497350367924112
2023-01-31,AMZN,37.90089353331956,7.54750492782941,0.21837871569603876,0.09063175168784564,0.591224631391307,0.11546803532679611,0.41367367123765725,0.13000551182293177
2023-01-31,BAC,22.129964074656414,7.262876724421373,0.14198203877799861,0.13664367233500527,0.39254171994750836,0.015612288237521255,0.41024629018666403,0.2810832180890489
2023-01-31,COP,27.668816600630215,2.802441293742686,0.26763220969806195,0.045684564415932626,0.7746000185684763,0.22995551445564522,0.3901031178200386,0.28530109885156674
2023-01-31,COST,28.814789353090898,5.457471206212124,0.05436954035249034,0.171098674465099,0.35835947294443826,0.24746366534227116,0.352501219101724,0.26549855869476124
2023-01-31,CVX,31.701054600755185,4.916690267434299,0.03944931803033326,0.2014086701663438,0.4786869849874546,0.15885469034884708,0.39563854318414365,0.2647942847921297
2023-01-31,GOOGL,30.591692892171107,3.1693051207628193,0.12838211676041508,0.1095598200415262,0.4452576271374653,-0.019079527693360798,0.2783820202178521,0.20623255329539353
2023-01-31,GS,25.133718647938448,4.9394649854615595,0.14947052996631632,0.13437067388506077,0.4647228311477807,0.15404033549025786,0.363187573860728,0.14414631728234278
2023-01-31,HD,37.04118199854297,4.747129619046556,-0.14037666239421984,0.13318072985953563,0.6649604919812436,0.3586081603175242,0.3454086395006442,0.20643680927358327
2023-01-31,IBM,32.127027653147806,7.071295858176367,0.10146522874579354,0.12291320478628287,0.6613746279328415,0.4935022773567872,0.26393293428319065,0.26984152858510113
2023-01-31,INTC,35.83305682402239,3.52900872425489,0.17459430591765207,0.0876744842412078,0.4231314468943767,-0.010735017097993085,0.2833400597583446,0.23415128404543165
2023-01-31,JNJ,38.697656445242714,3.7582174374903206,0.10467391366044254,0.1612026375350059,0.3541353566316155,0.029348742476999784,0.403807693422426,0.18516524037617432
2023-01-31,JPM,29.20300484715194,4.2341157655140025,0.12187960575241212,0.1137400662964487,0.4477947425671693,-0.0353135335801297,0.459693465010213,0.30623633607522915
2023-01-31,LOW,27.93567954079272,4.265099374531448,0.08434185968623115,0.07755267119384109,0.5881356456704613,0.16988087078440128,0.373427333959802,0.26646046655460726
2023-01-31,META,25.48786999676722,5.310440032828138,-0.10345165153287261,0.07414045608930364,0.6134411224757423,0.1965597298444233,0.3264091397779948,0.2751260200080709
2023-01-31,MPC,20.98784161083656,4.511286456190505,0.016032360294429476,0.17635520477224684,0.4785612486911674,-0.047264656498678725,0.26303692682117474,0.21735469709833047
2023-01-31,MRK,28.376850776433834,4.827085704590577,0.12529622773105728,0.061552318452022164,0.760813590186394,0.37717906544693147,0.32144396887930765,0.22052831804456977
2023-01-31,MS,29.587504511590684,5.6389990412367474,-0.042599788581823866,0.09144242545756226,0.5652990617397484,0.016972992638596973,0.38727667758327367,0.16287005487233563
2023-01-31,MSFT,33.582281946889694,5.756917504858732,0.13513960774597247,0.09634711520826228,0.5765204404566521,-0.08010678251066614,0.45930074156628803,0.23649079983873716
2023-01-31,NVDA,26.558833160640155,3.756455103145063,0.3286019950621622,0.11231091154822288,0.38430490749978075,-0.07283125753705602,0.5491074722960817,0.26132631521437477
2023-01-31,PFE,35.76234682376918,6.312073319908853,-0.11253521528730123,0.17338469543871657,0.4511136763774616,-0.03405919895123369,0.5011393199327638,0.16757291181487488
2023-01-31,SLB,25.966401376463555,5.107868133792357,0.012176445853527881,0.04664749964200001,0.4877872316191434,-0.008291215202694352,,
2023-01-31,TGT,15.480494423354019,5.323335828015879,0.0070001936166354806,0.13147961280759443,0.4719793530793795,0.2230155100627556,0.36352815556399554,0.16277310521236363
2023-01-31,TSLA,19.560696393909552,3.3613182624381763,0.03090472777815148,0.05176108240345577,0.42043952930730477,0.09741702916889806,0.2964135724304455,0.2206161912966781
2023-01-31,UNH,26.430774714123157,7.1408635419295825,0.2038023695972825,0.0686605843401852,0.45506778516649027,-0.1887468542076057,0.5007728323511489,0.2371694578852463
2023-01-31,WFC,38.061634345934166,6.662698132957302,-0.16293408096792714,0.09835500069432535,0.22118734998640638,0.126684786420118,0.3284393248348808,0.3583280447160605
2023-01-31,WMT,26.549578197372337,4.076414827487129,0.10287391170998048,0.16560937441002932,0.20166149159383862,0.017267850902110526,0.32156282091375454,0.33576512643504797
2023-01-31,XOM,30.466543392608283,4.82689351330225,-0.07583058805655624,0.13353171632910857,0.3306361249129952,-0.10298529949169011,0.5995848701346531,0.21941618443527927
2023-02-28,AAPL,35.026774882281295,5.579899794182459,0.038523460753556886,0.08653883806123344,0.508213573453711,0.06890050136714727,0.3306319558458903,0.20775203553328295
2023-02-28,ABBV,15.745183257081203,3.4295915815292224,0.012543506877768895,0.11951679974971006,0.6820889897185168,0.09981474657520642,0.4584295267219186,0.26570823062835114
2023-02-28,AMD,36.336428793128015,,0.10988752701753027,0.08852534842225739,0.40540175022894515,0.30217337104706565,0.21278846391709177,0.32245480496170936
2023-02-28,AMZN,42.714138565468986,7.29226707174225,0.004467412911491747,0.0434728123355964,0.6565423880915144,0.034028856648620154,0.4265949409272476,0.21179751347770448
2023-02-28,BAC,19.36202434773422,4.053663100853237,0.28731496068161394,0.08082597098707173,0.5376961281229335,0.3497736327311598,0.39818302816305895,0.2456700934291343
2023-02-28,COP,28.567636290600227,6.1867289073399405,0.08637912936248743,0.2953934092792177,0.3253924708112348,0.26351026109321674,0.2862723618884728,0.22611773128063856
2023-02-28,COST,25.444120874356074,3.703050544137877,0.047525682441453804,0.08606508422607072,0.4434593331595956,0.20440886704715278,0.2106075900927057,0.2909017504273087
2023-02-28,CVX,29.078260259828102,3.266462663441608,0.15319789039640852,,0.4755099047228817,0.20071681648334005,0.3283891639967086,0.2525626989348175
2023-02-28,GOOGL,24.899227159091577,3.518241451932437,0.055053343060677745,0.07615832063955769,0.3469381203065104,0.13438914018890968,0.4646146584504144,0.1698693508747476
2023-02-28,GS,34.432589889308815,4.591775147571086,0.29072702223333946,0.11297811309049825,0.4996719981473402,0.22039302476044376,0.3341895850778325,0.19930148461010136
2023-02-28,HD,31.94698093593586,6.899791994862334,0.27450393487316227,0.14096628595382107,0.39829893304412056,0.0749656950546696,0.28443345144651844,0.20850534542838503
2023-02-28,IBM,28.10083607659738,3.2621014115074183,0.13827259128354893,0.20530019515560388,0.26880348632617185,-0.15268208396404956,0.21801103436989058,0.23272894897223467
2023-02-28,INTC,23.78449665922673,7.410045098328488,0.022183718142437456,0.044176879194987355,0.7390102904792293,0.27238937536116514,0.3166938231107263,0.23257564928082541
2023-02-28,JNJ,25.789490605885927,3.6934390133956065,0.07588824052515813,0.01672628112685244,0.5296590989647028,0.010554152686807733,0.22903275149574615,0.2498114814864578
2023-02-28,JPM,,5.188060185683389,-0.12774088180832446,0.10646766562264563,0.7383659669307192,0.116870599978086,0.36329904223835713,0.07894431159924112
2023-02-28,LOW,20.390789197186884,6.535913532091325,0.010325611415938685,0.12344722060308494,0.4124134615410834,0.27158639217520797,0.24292080249647935,0.19238947503603632
2023-02-28,META,25.289876986959307,7.410322982494116,0.2069211892796309,0.13236292551283418,0.3105336185291303,0.039216832811616295,0.3723878776130994,0.18237141200512816
2023-02-28,MPC,40.25523349249387,4.2067123298970674,0.16382549605857621,-0.06557411945925846,0.32866817531444814,-0.05206834706784763,0.29271827223909214,0.24718257224458812
2023-02-28,MRK,31.493121113151442,2.8308384372909328,0.1508695766649229,0.0587960125138743,0.17006910421189753,0.07787470494710888,0.40958624405311084,0.2323628331897771
2023-02-28,MS,30.582884339459927,3.1203341952012633,0.10958691629434081,0.04533065373420789,0.5447321220518329,0.05164440088731973,0.37371739858899267,0.2097745938935054
2023-02-28,MSFT,18.27720219017726,4.991278091255074,0.2103606090984112,0.09766126052105449,0.35109774874290856,-0.04811718112619995,0.4963310737041786,0.21876653022677528
2023-02-28,NVDA,21.90387169804987,6.756779479872115,0.16151951617212174,0.18181740580202754,0.4681657054386307,0.20431686464331963,0.35405894476231553,0.29646903769945054
2023-02-28,PFE,37.85065232533068,6.879320980625728,0.025723080769204584,0.0218362498472449,0.6361400955384835,0.0019259163048328254,0.31236857506463056,0.24386166325652445
2023-02-28,SLB,27.063551403763935,6.7104705450189455,0.14739720847592214,0.08871734604263838,0.3232732196734508,-0.07456290306537841,0.4580971129319393,0.21006600575230963
2023-02-28,TGT,,5.78862152513712,0.2507298443657204,0.07420995926190616,0.5534044586809941,0.31295736436710697,0.3322763478137119,0.22374172445901805
2023-02-28,TSLA,23.276704867834287,5.070851429985269,-0.0207685963994802,0.05677686866802547,0.3404830867494456,-0.1488271750296802,0.2630307098799291,0.12422833588846507
2023-02-28,UNH,25.23667995230741,6.776515810604824,0.14785663909722288,0.1458048287030544,0.6084957216008672,0.16413126043063497,0.4253681693545014,0.27838669735376487
2023-02-28,WFC,19.515820272323793,3.475566866123449,0.13047733191466349,0.0906711700922887,0.25015404641426553,0.11308728871614086,0.36421161229260346,0.23146137438437786
2023-02-28,WMT,35.61609966095216,2.966020434371221,0.03310268668118985,0.19209339387614788,0.6703646668912265,0.16575255852121568,0.42806005723222396,0.22950197459745456
2023-02-28,XOM,29.704711219147097,,0.0879258470598244,0.14971513220507487,0.31049615872598124,0.017308045754592716,0.3920511024271494,0.1581042228060059
2023-03-31,AAPL,27.803965871421937,6.625987576529385,0.18990317279596394,0.04852645882814769,0.36594971714405045,0.1622594071464038,0.3981834636107298,0.3164158770891147
2023-03-31,ABBV,34.151987048551824,6.2203044015740385,0.31295360560840735,0.04604227332813534,0.6756162322013193,-0.1367412545714046,0.330936813446257,0.3253511791787572
2023-03-31,AMD,34.34912898135791,4.392219689231773,0.028221191590626055,0.054192057167504484,0.2949778528764626,0.21288165108715557,0.24877627272131447,0.18907350505126055
2023-03-31,AMZN,28.43695202967158,3.8454431480931683,0.056174826536960105,0.1824454719225543,0.5571897474231607,0.19869389613687605,0.18498098137914104,0.11533933808596787
2023-03-31,BAC,26.003916382991235,4.155362325727994,0.18875698446006156,0.14345432377562914,0.6939008935971336,-0.011788865540324628,0.4764267784882713,0.22111089876979656
2023-03-31,COP,29.11622327658111,7.430008085504897,0.11778893427495829,0.11119287536475661,0.7258433816119745,-0.09122046726922445,0.3727456255400855,0.19004944670853946
2023-03-31,COST,24.87840495817205,6.553769759824401,0.10985315952126905,0.05891188182405993,0.5850439720438998,0.10265632794724294,0.47899942780601884,0.2055963818930882
2023-03-31,CVX,30.122876365790503,5.01327442440252,-0.11053244057675149,0.06694831531438451,0.4438158383519504,0.08110289797258467,0.42149694609208427,0.1802224928338803
2023-03-31,GOOGL,24.472715301892503,4.050104032555675,0.21454403165340236,-0.0673900732950778,0.6534595065011448,-0.22548142934566182,0.3316426077332588,0.17562515516787752
2023-03-31,GS,34.87671698913783,3.7284703728271955,0.18536609042544297,-0.0022433784997277773,0.43312456563694757,0.343162213308838,0.4184293695644835,
2023-03-31,HD,23.30808380063475,6.3184763445244,-0.05680908259919826,0.09196384238060892,0.487573504789935,0.2803197917699438,0.3126541998629851,0.2887527668269979
2023-03-31,IBM,25.97188235285936,6.968430772235722,0.18612007310815398,0.05608391361634725,0.4904145919050688,0.17086241875785346,0.3124799598449761,0.1591786933341811
2023-03-31,INTC,23.08341252871661,5.461657695109088,0.03804329677589753,0.0621456853870566,0.6518602162098963,0.07018889668551824,0.2633540067491233,0.22675306879977886
2023-03-31,JNJ,26.226144366586595,6.740789550147613,0.052904316291298145,0.049547692415882444,0.5681909072100784,-0.2395710839817702,0.23132114588453923,0.2819434618284518
2023-03-31,JPM,42.3581200301802,5.513416834144308,0.07940324228413422,0.1773963385157658,0.8736163327048873,-0.04925339854122188,0.2812201088003761,0.22701628643220328
2023-03-31,LOW,24.702913708811902,3.4687677406145543,0.11575563082765397,0.22358247893080951,0.5356872272634179,0.23653476145264618,0.46419456571302853,0.22536383588975412
2023-03-31,META,33.14476262385317,5.56439236680365,-0.04266763867412715,0.08205018715450027,0.5431475764556851,-0.03761190946242518,0.40357788786223203,0.12375299234494523
2023-03-31,MPC,26.596974832019228,5.659852658380063,0.15817502106012662,0.13072928849242968,0.5668265154203768,0.11472651800303843,0.31706153442477464,0.2602878280521913
2023-03-31,MRK,32.006323347661066,4.921900608539415,0.09616590892045965,0.05415556523055645,0.33776306352609675,0.0486926267277411,0.31383215053500113,0.17039900318333406
2023-03-31,MS,23.0779293516903,5.45532424472947,-0.05160448518946298,0.08163121638995077,0.3498487163891194,0.14838498897733987,0.34657502580083005,0.4
2023-03-31,MSFT,38.04675831587108,4.084494527279509,0.11244068279194913,0.14887655076289363,0.6439396712900324,0.42635128249320253,0.34044779631753064,0.24323299189588873
2023-03-31,NVDA,29.33220652502244,6.653728356320751,0.10820313384678011,0.13994609366343874,0.419953176981673,-0.0010553207177200624,0.36128663745203193,0.1986014609350797
2023-03-31,PFE,27.2385131227834,6.559094199800905,-0.10697751241352438,0.045145489606454196,0.3747280186587163,0.11852197997823577,0.4389597156873586,0.25021331659355167
2023-03-31,SLB,31.146043011407947,5.252055059455149,0.18915342004003782,0.05704976987148068,0.30591878589450283,0.16237524775144338,0.30330925020445165,0.34523580574275736
2023-03-31,TGT,22.797582219702196,5.5076556416392,-0.06130915785095645,0.11058638352140948,0.7267607117986825,0.32381723668171475,0.4344057305980259,0.2463073198345023
2023-03-31,TSLA,24.264678917710068,3.5108279064687142,0.1637400145036222,0.07273965348302777,0.4251302959330827,0.11703896660451676,0.3692790391253613,0.29076370852742994
2023-03-31,UNH,31.28784847080813,8.4367922172946,-0.058108623863604575,0.14474300577362076,0.5144609158340875,-0.02755998699113707,0.3540999147768973,0.252536181367399
2023-03-31,WFC,21.414122164954293,6.761695864662994,0.1934581083980247,0.11543700064762522,0.5457936918118129,0.07554593630781206,0.2514434259829429,0.357759266584478
2023-03-31,WMT,28.883096608941866,1.681431749887604,0.022197904933793325,0.045087820495357984,0.6274367077957711,-0.05834353068829362,0.3361144325771969,0.3217780675168928
2023-03-31,XOM,15.895607804383097,2.262149903698243,0.038819904534104784,0.19197951756201836,0.5123109543592788,0.300836871449508,0.3316339349096418,0.1723661392775561
2023-04-30,AAPL,41.121583028332324,5.2969268246754675,0.20889714177982638,0.06571726780211401,0.6222655855672851,-0.14707758815704558,0.511115855755529,0.2646066858710427
2023-04-30,ABBV,24.538575868935673,7.68189019247461,-0.013822281968181083,0.15557398799088487,0.29529806612106724,0.1345011842437091,0.3409253478443016,0.21023358803245837
2023-04-30,AMD,30.47138544826177,8.346556369978298,0.04210318368760882,0.1178887715308119,0.6332930207906962,-0.05511211523035456,0.3884240347726643,0.21816772152442424
2023-04-30,BAC,41.05151188936878,4.978581671779614,0.041375544013527284,0.18292995740258056,0.28209155455517076,0.17359208625358846,0.45717402137025936,0.20886277311167456
2023-04-30,COP,30.268161348304286,7.26356187910193,0.19648133053871591,0.02709286871762101,0.5424419192219745,0.10575753638121577,0.46119336387266074,0.15889370094374639
2023-04-30,COST,19.381288837425863,4.293617124317543,0.05085196504541414,0.08145696162813888,0.3574263112620759,-0.05945807729586383,0.170800633312107,0.30901560300905884
2023-04-30,CVX,27.050982228659393,4.993270444343507,0.1674937790861405,0.012317324816787711,0.4844158280619172,0.4343880354273887,0.35983642620097767,0.21526708413713982
2023-04-30,GOOGL,19.989555433400408,6.124088477462655,0.05364796208409729,0.22052960732440377,0.7018487462465886,0.041265497244782935,0.38094188420507913,0.18493892439823525
2023-04-30,HD,36.303639664295346,6.832910082210464,0.032737555209460575,-0.03697964880638581,0.4037530676155438,0.24276853629219192,0.4353224518789821,0.19789067312043007
2023-04-30,IBM,19.64506156848742,5.140625577123087,0.12831554057974257,0.1419820900031182,0.5900732711167656,-0.049308286991873396,0.25915141964702926,0.20719437682668165
2023-04-30,INTC,20.459601501549972,6.423291788810715,0.05160528636473307,0.0921745188248762,0.5474880164789789,0.2318991067223651,0.4717465787844405,0.28053442797684175
2023-04-30,JNJ,29.021005585001124,3.7798156698703402,0.15634102191639215,0.02386052053762998,0.757102562591655,0.1580150694292688,0.35824411392834143,0.19036866776845965
2023-04-30,JPM,34.36063136366287,0.6489384964690563,0.1066871810766506,0.1957405007371314,0.28590348233839613,0.1292821391487371,0.21804675984733846,0.16468910652199642
2023-04-30,LOW,42.352856540026856,,0.1548879725349044,-0.04270210128074696,0.7377517501960433,0.32813478151338726,0.39844432751561953,0.25211896918949045
2023-04-30,META,28.025413501040628,5.67273753556246,0.17983191485330224,0.29728516865267307,0.3899063324402249,-0.029959614491289643,0.1843700565637309,0.22566334860091022
2023-04-30,MPC,22.29052480763042,6.225891824901009,0.09816858288021407,0.02947551418230561,0.5163838757338454,0.13566795870616177,0.5017622333037745,0.09176407766202696
2023-04-30,MRK,30.191242388889314,6.902501675688367,-0.05716187906656245,0.16483427628092395,0.5764338027733171,0.21603265462717536,0.4230175475955305,0.22305455668069113
2023-04-30,MS,40.77218663636221,4.0958068683015485,0.04477010884176606,0.055327337856763935,0.541634566224226,0.0811695535337223,0.3685668384851845,0.2338791272660326
2023-04-30,MSFT,27.147856722241865,5.413099169231284,-0.03785403303847246,0.1323581284946979,0.6796311566689133,0.043134246957254214,0.31659951183831503,0.32356305845189626
2023-04-30,NVDA,27.601830090014644,5.5433291829781925,,0.20417575485653724,0.7413920340663428,,0.4214367346085932,0.2307954703868074
2023-04-30,PFE,25.11828581888303,6.963217809630175,0.08596206595325186,0.04702831954613086,0.44569224179434586,0.38503729794439845,0.31526644259557224,0.1132877497393234
2023-04-30,SLB,13.449225100855926,9.283698267113468,-0.009437678291489865,0.16856351161470717,0.7292724830301324,0.17518360443665426,0.28065385550478483,0.13619173817968666
2023-04-30,TGT,7.872130733443978,3.7010625413927327,0.17916884863259025,0.22592323389013558,0.4804407558841383,0.2419583238046017,0.2879900513979887,0.13999838380449722
2023-04-30,TSLA,20.70650777612171,7.30494112197626,0.08580543218622608,0.26296750729582974,0.6088481934190725,0.298478696061395,0.22128663115239983,0.19719478659549544
2023-04-30,UNH,27.67859142757005,5.224136290018786,0.2461625410357085,-0.013004430116312263,0.6763694099156968,0.2735540065803014,0.3441425035880243,0.14241368798592235
2023-04-30,WFC,31.53869657432908,5.088841126928545,0.16348489078399836,0.049241433109826774,0.41460612206522307,0.3176743993699949,0.21542108580199382,0.19097303317951395
2023-04-30,WMT,43.775358250635705,6.0369202965303455,0.016012491825633565,0.10905456441991442,0.5380034259491043,0.11975380695815462,0.4185940471525087,0.3105937669321065
2023-04-30,XOM,14.681042371967976,3.5391700396997976,-0.09774182542668519,0.06582626671478303,0.5168358100077879,0.1569819857167805,0.41221207728723785,0.2243766837218829
2023-05-31,AAPL,16.355540324955587,2.019510937260919,0.0947168349476051,0.03820039968690911,0.4894490122324548,0.08369503056422385,0.2931441033731812,0.28763505634744096
2023-05-31,ABBV,35.038590600842184,6.738632874180743,0.03407195327448774,0.07415813804922611,0.4003634519620767,0.14883991771013289,0.44765897644484215,0.1856425661720949
2023-05-31,AMD,12.506639479891211,4.204621367860259,0.031021693958795074,0.2047722061226906,0.4228228656656401,0.21121275547018625,0.33078728089122383,0.17136602540116724
2023-05-31,AMZN,23.333486497988197,3.7654479613761414,0.11803780887449263,0.1308139038456602,0.5052944285896993,0.28214911258867403,0.37040182390350473,0.2624060194864169
2023-05-31,BAC,16.872813422875765,5.141585096121529,0.05915633263557978,0.022496858243256868,0.4594519612481638,0.0402227019871597,0.23398960274870317,0.26911573334502004
2023-05-31,COP,31.88830807761839,5.45337674498207,0.06610052566519956,0.06758608363049039,0.4793403576729528,0.14069528852493302,0.36740821525296957,0.22379835886826005
2023-05-31,COST,35.22040945500187,2.1517899851361517,0.34403237464846975,0.11722632530247856,0.5066153863553864,0.03091347954744482,0.31912005532569193,0.23780526498853755
2023-05-31,CVX,25.569532316677215,7.771116567214126,0.15298320737284896,0.024127366259620087,0.5187028305159723,0.18703450185518095,0.2738768729847427,0.2889359681354305
2023-05-31,GOOGL,34.313622242641095,7.500604208417148,-0.11124908665086031,0.09590379483920937,0.6115811117360387,0.051170506147768684,0.39486072886634976,0.2383962261184326
2023-05-31,GS,34.12295452818083,5.329547157062524,0.04808272792416141,0.056025675403291675,0.4217095049253593,-0.13655461947441225,0.2684989735615484,0.17576283130123824
2023-05-31,HD,31.15439408575458,5.321680291128349,0.12211402943140964,0.162376338496544,0.3043546197208992,0.1719558543155064,0.23039062939471727,0.24212920849103414
2023-05-31,IBM,16.633778180598508,5.15547782867166,0.2798527490451377,0.2978851293112302,0.34605693345985905,0.26167927943888925,0.3039704331178113,0.2465150254226628
2023-05-31,INTC,29.366338850554136,7.404262156784238,0.12045568751055742,0.18959184675331495,0.5204780116639832,0.07121426179415873,0.26116130067309284,0.3022836337628192
2023-05-31,JNJ,24.431226949622648,3.0786535677965374,0.03872124412079867,0.01320757727285761,0.5450145557868373,0.1836479004635999,0.32459023292397804,0.27186542813808273
2023-05-31,JPM,43.50823785297935,6.474990864469919,0.16732986716615944,0.10710269204780556,,0.1103585901339014,0.37879203683100104,0.2836302299257483
2023-05-31,LOW,25.912788975035372,5.03657895608625,0.19083432248583648,0.11743809415395645,0.4382197290221279,-0.00468423462208338,0.3440982092815595,0.2613051893009658
2023-05-31,META,32.07603771876356,5.260097534141896,-0.051688227273429255,0.08426861457660553,0.5487878035086646,0.23285037721232654,0.4038051382844123,0.195663898304604
2023-05-31,MPC,25.40733460807854,4.659664374081225,0.22057769371074368,0.10431932797162771,0.49994399825803193,0.053949390009905104,0.4420592969194616,0.18282240467941496
2023-05-31,MRK,34.07002991751698,5.056275461686715,0.19988677647224073,0.14224752538573493,0.5239587179372424,-0.03175999769693552,0.36286907983144573,0.1845280075120284
2023-05-31,MS,29.942942199912263,3.5117798473833988,-0.009802999006183019,-0.03425326033542277,0.3723073714994569,0.016595875670262508,0.3173207081642238,0.2563654351624564
2023-05-31,MSFT,34.52425390737171,4.684251099723041,-0.12493829413047561,0.12448805614104885,0.6598626630168556,-0.0759258202663397,0.2344442458761247,0.29383652052407533
2023-05-31,NVDA,33.3974727441471,5.653827056922693,0.19622374367117862,0.025236722029662567,0.1850037066479952,0.34342460578320433,0.35232731678687007,0.23103234877487705
2023-05-31,PFE,27.963861472024284,4.7803891212769445,-0.08552463480881856,0.11970956342206,0.40527743603167976,-0.11933234492708691,0.30635551826626184,
2023-05-31,SLB,28.184677234461823,6.605516096649886,0.0893906678832927,0.1642721252249119,0.39194183140785793,0.07775452825325137,0.29326741723062866,0.17897828179246886
2023-05-31,TGT,15.854929839632783,6.040057756078391,-0.039435539053630675,-0.01331325097448359,0.540913393165945,-0.07392979512530223,0.289960610752329,0.1211327228390222
2023-05-31,TSLA,20.689189887901254,7.408732096359795,0.1622111793688573,0.0350940143559121,0.4925956469346549,0.2840445205501221,0.2856819619733477,0.21960183524804813
2023-05-31,UNH,23.697349385638674,1.1259063503782656,0.1309756378559997,0.12531483837184365,0.70296767170219,0.08515941687617559,0.3182687770569196,0.18360551588330254
2023-05-31,WFC,20.373165786483604,6.746674784271508,0.13807736123126002,0.033053052373523864,0.48285605558480643,0.24722017638925856,0.36076591123454893,0.1476756079733046
2023-05-31,WMT,25.284842877699393,5.154338737978579,0.20393506077662565,0.17770048580632727,0.5240283117668851,-0.07543361975338744,0.32785488971569604,0.12360692474135042
2023-05-31,XOM,35.60730949104978,4.908077852541295,0.03333018924658997,0.09978079671612591,0.4462630473136611,0.13450452592281842,0.3847878270347313,0.23154153043615822
2023-06-30,AAPL,17.873579792804307,6.095847335755026,0.11562213210863659,0.07199670739164461,0.6783981480530471,0.05218006560258521,0.25041751936385725,0.22799208266939067
2023-06-30,ABBV,17.20817992453069,7.924750219686048,0.16333882445059356,0.025652299347887736,0.34483745036603713,-0.012878261004734118,0.3448890765958011,0.21603385343318116
2023-06-30,AMD,35.02551348374061,6.1939559933909365,-0.07817790830915378,0.088552663511763,0.49399726245113146,0.08227086997792837,0.31485863471640346,0.37839248387519775
2023-06-30,AMZN,38.381777671718346,7.5520290006503386,0.07927913782646763,0.12871558132741465,0.5152627367428586,0.0290242827785777,0.23866827032396096,0.17951658947181892
2023-06-30,BAC,28.613500034738795,6.30084427957404,0.09885489464268726,-0.029597350871129538,0.40497658834795797,0.3237546277031136,0.3104462282022345,0.24218440442150518
2023-06-30,COP,21.071963030644717,3.962206473254018,0.17957824238271944,0.0463742793249304,0.4788474105082786,0.17557073407607557,0.40021597672570436,0.24290043829460556
2023-06-30,COST,40.993883802788474,7.579456044616652,0.20276555446879257,0.15993356473906822,0.554533529352884,-0.030447498602711925,0.37674705406697573,0.05
2023-06-30,CVX,25.67101258089118,7.286471527359838,-0.1958192858167873,0.11318828752829087,0.507862852626133,0.28270274300897635,0.23558162484412848,0.2807938768542703
2023-06-30,GOOGL,33.394213696861705,5.229985168083675,-0.07505295718997548,0.08856614725300219,0.5680521292946208,-0.06619184870115496,0.29064263815960834,0.19267940954381158
2023-06-30,GS,31.47701669349788,4.813222895613476,0.05912041977716689,0.1704490830719933,0.43905213828102585,0.06789168839840184,0.30455486320899006,0.24070223538934143
2023-06-30,HD,31.10632061312547,5.426582956833946,0.08948846019176564,0.07869368814133977,0.5245965635747903,0.17444409582940262,0.4271195588602603,0.3025178404684815
2023-06-30,IBM,26.648200385178484,4.989116494805854,0.21958037657198384,0.19546783183613656,0.26818908888019155,0.17237778171467782,0.32277407159545296,0.16597116487157926
2023-06-30,INTC,24.74725799608791,5.870368535287504,,0.11578783873563833,0.40669927308779935,0.11513153650463255,0.23446490110790272,0.1720576587696344
2023-06-30,JNJ,41.85038847678668,9.03225384180341,0.03634654701103658,0.04752153489093804,0.513635259709887,0.17068318644794248,0.3921013651255573,0.19764944082802727
2023-06-30,JPM,19.06276979921853,6.216652933161916,0.08111757846952869,0.07944005577285612,0.48515151550371516,-0.07815065885328401,0.4648172349254615,0.2600746942061817
2023-06-30,LOW,25.83766900691991,5.874623854427575,0.21071669076030175,0.022957824785018954,0.6617526900765609,-0.11649983629154909,0.550425750511963,0.19859931992569516
2023-06-30,META,25.35882258074627,4.882953236676348,-0.023868635182445988,0.0383968761263161,0.6204591310409739,0.03750874209242851,0.48324084275536583,0.23749911649097502
2023-06-30,MPC,13.063947592207533,5.772165147530477,0.17257274811416032,0.0596254031785166,0.3466340599568262,-0.010208971911278925,0.3433486315343884,0.07740261883332875
2023-06-30,MRK,26.757150176307622,5.887445112476798,0.09287325605353726,0.05287423352606615,0.4522091301595428,0.16287300083387468,0.49154092554045353,0.23433916161315227
2023-06-30,MS,20.191172072178794,2.0819574005518264,0.0976979816122389,0.1473152324869728,0.4797006543229246,0.06183456056479766,0.3161897529888012,0.14055622213789476
2023-06-30,MSFT,28.247325694518228,6.690904618026917,-0.04528357267742128,0.026979071075565547,0.5106116833067117,0.23800180323030337,0.47322703495081186,0.3145389650459234
2023-06-30,NVDA,34.03193142331014,4.9206110425761755,0.07744422735184547,0.1041468300915223,0.41639911040620564,-0.020966131289561624,0.2836424965483643,0.1601108429477778
2023-06-30,PFE,27.86434119803926,2.723661333211434,0.02340898680419025,0.09402459927297513,0.7327542814572542,-0.009428181947643083,0.24675636176932295,0.1951681902394846
2023-06-30,SLB,35.02346154831073,6.3098814689267995,-0.030568537700526477,0.027950956849491768,0.6125820650189374,,0.2612085685594594,0.13676078281055343
2023-06-30,TGT,25.475734373710562,3.056062399635814,0.12077424848914683,0.09849757211310342,0.509143401259055,0.1271588086985096,0.18910385683059322,0.3725337664973457
2023-06-30,TSLA,23.52462081358613,4.4187573118487045,0.06653883801853472,0.01729546496933536,0.5964005774400435,0.08365004242829482,0.37378970299986974,0.3131133726146721
2023-06-30,UNH,36.61901703420562,3.7286302297966465,0.029253146738213665,0.07447636248041953,0.6382093589510025,-0.08158682389607266,0.5115091875642213,0.291280390089335
2023-06-30,WFC,30.203252012211035,2.0871183704911043,0.023497493041523557,0.155224661405558,0.5426260193623915,0.0666173720021545,0.271615487574669,0.21559437869882453
2023-06-30,WMT,31.356055681727668,5.696855407254753,-0.16492253972367074,0.13382492709381014,0.5839991961490889,0.10146886971696656,0.28525568201447116,0.2280717424895802
2023-06-30,XOM,46.338046132575585,3.0541048291425397,,0.13783527789523692,0.3813232163666338,-0.02112705522779937,0.28476203057753713,0.19122485430509556
2023-07-31,AAPL,40.38646066763945,2.16281132905314,0.10142440729331648,0.22668307672031718,0.37885716183455465,0.05378609597805803,0.28482766108089586,0.22910154117463816
2023-07-31,ABBV,22.326578550969685,2.0111328160808504,0.14265310035246512,0.11036761047392347,0.4379526635555281,0.2406709527627169,0.34174219055754795,0.2463671065670573
2023-07-31,AMD,27.215120072672534,4.544677829955933,0.19898742055338503,0.12608632338898457,0.42835043699062425,0.15188045780127302,0.35257138544593625,0.16372320831533171
2023-07-31,AMZN,23.687423787622254,5.19541766882799,0.018815687804678544,0.06864950507797436,0.5926845547459146,0.2808686599874756,0.4914070008368766,0.17331042509663483
2023-07-31,BAC,9.424143595475012,3.1605593160785883,,0.1913388537686301,0.5020876996620209,0.2230332583462797,0.3933625074554527,0.23071192128305365
2023-07-31,COP,28.730200837762194,4.956145134568965,-0.12392829566807326,0.10861987879991586,0.2844259198001467,0.0879653117907411,0.27186930593261216,0.26151109221963453
2023-07-31,COST,32.81016193972463,2.826801146043933,0.19887956134083196,0.0761308726191055,0.23963834813110763,0.014857198897095913,0.2821123070874061,0.2815611388977139
2023-07-31,CVX,27.169637852576074,3.956087694868267,0.16880173180307212,0.16246370904765645,0.5521328139402821,0.2386951290166511,0.3676481579407754,0.3305372562588005
2023-07-31,GOOGL,29.549845472635035,4.852454076995124,0.16059896523444755,0.03796247749324202,0.5084928036148066,0.2317164329871655,0.2636845757542845,0.3350866414422009
2023-07-31,GS,34.43113797632162,6.475822597212418,0.1187478952988754,0.026837682985690545,0.4740309003672619,0.22974177833788517,0.44603007321901234,0.17457727075107266
2023-07-31,HD,31.53646210610132,5.037028967047192,0.12772656125698623,0.09428318534516611,0.38822245247370485,-0.12866397774323796,0.37719920391101164,0.18721742950381223
2023-07-31,IBM,26.80844747664316,3.329225057072489,0.06986793758138657,0.06496176106708604,0.6740086712203156,0.1682368895639085,0.2864476948696806,0.23316711048404404
2023-07-31,INTC,20.770414017057927,5.6477119424616316,0.018175484158732852,0.14745698397338197,0.5981056833800671,-0.013849346268991522,0.4854510488431223,0.1518315947733857
2023-07-31,JPM,22.645548941079607,4.83382278604388,-0.03721635044399457,0.19542682463928224,0.5198437441054391,0.2748923915741516,0.37147852688765576,0.24564818317997136
2023-07-31,LOW,37.53758190900088,4.224453859098202,0.14355709563678995,0.10878517723825513,0.5651909495391788,0.2861549822279075,0.35931710388479776,0.17892190820576542
2023-07-31,META,32.46746157023409,4.849054875694011,0.04677247136971577,0.10306581102420113,0.4170885431882977,0.04346570483307069,0.34985125596880257,0.29759050389971514
2023-07-31,MPC,21.331565139847513,7.040719843713138,0.05610461152044116,0.1960796300489976,0.4285552200868946,0.21750212168302344,0.3901101097110512,0.3249246868630197
2023-07-31,MRK,22.4085375668323,4.152117367834852,0.044530757561251716,0.04975487687576861,0.5406905765507799,-0.01532477453726927,0.4134847631351918,0.24842094227008446
2023-07-31,MS,25.87106260461353,6.543622551830095,-0.011519932671831615,0.10235833134245353,0.6683095935097662,0.15929196930362455,0.32362631464593133,0.22958248174635634
2023-07-31,MSFT,22.510657187941682,4.99989196065522,0.0709771171653645,0.10181259069843429,0.4775806616846226,-0.11179370593780003,0.5071824939275065,0.25165828437831034
2023-07-31,NVDA,27.57277365555186,6.838351553905667,-0.030216502619561436,0.06959011503966434,0.45121970368544406,0.19815223201449575,0.36074093224444637,0.3292215251803768
2023-07-31,PFE,21.259731184473168,4.585375567378238,0.12515976550385594,0.007340218366514453,0.6471844725858049,0.08042635216236002,0.3453245408396472,0.23198363773685365
2023-07-31,SLB,28.177982864965585,2.979178219987711,0.15668731631664423,0.24747133119635412,0.6388167486125377,-0.04100618386281776,0.27741721009177034,0.18627294334369185
2023-07-31,TGT,30.872107196671536,8.060672748165105,,0.10961900742676972,0.5446809271872218,-0.013381498792775948,0.29471135451111563,0.2756400814071028
2023-07-31,TSLA,31.350816065916526,4.118420881315729,0.1220846663305255,0.08608035343240021,0.3192531341712763,-0.042158477442082815,0.16564909833830038,0.24405989733388342
2023-07-31,UNH,32.18212083057739,6.168986082228947,0.238004686500926,0.14230085681952437,0.49100227912970884,-0.17340737443801071,0.366677691096322,0.3730525186260175
2023-07-31,WFC,31.109465578421723,5.521451886278546,-0.08928259252633525,0.1729211035468189,0.6205489166655164,-0.013789863333263555,0.3330527382829178,0.15576180001020962
2023-07-31,WMT,30.650608859030722,7.8256261621426155,-0.03132168594621182,0.05701701707993232,0.832817409211939,0.13799157782502408,0.20660468014489008,0.12677963085281202
2023-07-31,XOM,15.447299954695989,7.020463247207649,0.27806292585479053,0.1455679329958161,,0.07169679713976417,0.21425023796014458,0.3089408712771915
2023-08-31,AAPL,22.48691104112297,6.484436470009918,0.07940927503722633,0.1671370663546773,0.31704582979554186,0.2309009539957503,0.2608194365606991,0.24861235941534346
2023-08-31,ABBV,23.632300913180423,4.225186567378077,0.27555692379883756,0.017106149581815056,0.4949294355313664,0.15808788196012594,0.3230078882941766,0.23960215286339476
2023-08-31,AMD,39.51288548663774,4.052569808443118,0.09313367301875389,0.19038377122267947,0.33522610488315163,0.3328216130781204,0.3728188910543199,
2023-08-31,AMZN,36.607419292301415,4.557922144056634,0.052077119679447316,0.21060896152891556,0.4252793649427595,0.131827607732292,0.45685695337387483,0.2615833083639573
2023-08-31,BAC,23.694174160499877,6.079310384003232,0.03458701632212989,0.10024490715945714,0.4472883646982832,0.147826549510507,0.3183641672054945,0.2660547631711094
2023-08-31,COP,25.000978185756367,5.747417241645489,0.14202103224962992,0.20526519792633666,0.460524591216851,-0.011546157859554623,0.2750540755469647,0.08746496607197779
2023-08-31,COST,30.42199434807033,5.720703490505051,0.041106774732845894,0.11427983401610137,0.5031330927103385,0.33255092623591853,0.30796552540139527,0.21974649119515893
2023-08-31,CVX,15.32508316310497,7.142177450140535,0.07613892872226512,0.11735217147060088,0.43396590632491905,0.3581993233782733,0.33129233521619755,0.24248255445450995
2023-08-31,GOOGL,33.713231277937105,7.447958722515319,-0.017695716131116063,0.045051570856730755,0.610889654407172,-0.052917228790551885,0.318211878643593,0.3465369604363113
2023-08-31,GS,21.81243006052867,6.1542301863092765,0.042177639182202846,0.15895952694303747,0.5398664865224908,-0.024331189463254563,0.1,0.26430639712775017
2023-08-31,HD,32.56896331324812,5.3334241901708666,-0.08958001360640863,0.12456751012941834,0.4648998813297492,0.2466610540125801,0.4151796945537622,0.23220127359932588
2023-08-31,IBM,24.483910247182884,5.867558351113679,0.0920940552218027,0.17719576840656281,0.39255245076644174,0.14442979315119142,0.2901489883928185,0.22372177418056743
2023-08-31,INTC,11.003372877248044,6.964110775564396,0.008479552428343334,0.012420950703014105,0.6667485565581227,0.28817466693759725,0.42498651982302643,0.33904376840407385
2023-08-31,JNJ,22.552675022741926,3.7612288114520647,0.13114922183046465,-0.025321561120624406,0.7728886471392055,-0.03894140394278897,0.2402612753114548,0.18016880891602005
2023-08-31,JPM,26.313253428658513,6.951030935225442,0.1869510849689008,0.11625615602413891,0.499678813189866,0.1755560526191388,0.16575623728162753,0.18856266944024658
2023-08-31,LOW,17.51118545575123,5.618838798203029,0.1613793013826996,0.03708569767969602,0.4107919011876727,0.11153679438384603,0.3821338807579595,0.2829303607226724
2023-08-31,MPC,22.217223313870775,6.9704627458065485,0.21776120827942325,0.09381079441701846,0.44033794508674207,0.1270989554644463,0.4280467851136023,0.2092115271322671
2023-08-31,MRK,37.67325144328203,4.79634463818214,0.03255030271134232,0.011378523465885526,0.6367083587508217,0.24767651127544565,0.2879348110632234,0.31110215142162256
2023-08-31,MS,25.667156116275187,5.731742348820795,0.11915905808286216,0.09154217178865587,0.3161190369058423,0.2749570974573884,0.28829531150225823,0.2723139488102505
2023-08-31,MSFT,30.438408848664277,4.29073570975372,0.13682244770037544,0.06218978227641023,,0.26840169629465166,,0.1243250549587714
2023-08-31,NVDA,21.26106196516216,5.035443006308731,0.07096988422946973,0.08722477305286673,0.47074705124750504,0.16827801837702128,0.33358378111477116,0.16236231515201363
2023-08-31,PFE,,8.820899521942323,-0.0338177485091431,0.14474181586010587,0.5751178580809155,0.1528940223628982,0.42811530246372753,0.10861136295280037
2023-08-31,SLB,31.40810812992278,4.425863064456146,0.20151630574575163,0.003892976735006534,0.25779007264451065,0.2897341652689759,0.36262088826884886,0.12459599544573786
2023-08-31,TGT,30.16185824662687,4.545716048662778,0.14864137620573747,0.06239376603890355,0.5573659297954082,0.268664848788557,0.27615493231566435,0.2479437190430961
2023-08-31,TSLA,37.538758835432404,4.433249902081666,0.08640448973199023,0.21973716703952106,0.5132378976164776,0.40080416642755745,0.2665396261413982,0.35373628218107533
2023-08-31,UNH,31.43780721606489,4.6105084124961335,0.14375688085877925,0.14301304100601267,0.4804075517476029,0.07639909901245859,0.2582365751126481,0.1843243655223874
2023-08-31,WFC,28.695084323745675,5.963823511230607,0.05665368145884929,0.07526002395940412,0.2354041513219216,0.08001263227020292,0.41362242139775784,0.2095125255317474
2023-08-31,WMT,28.3542781525349,4.634130655397376,0.2017330620927268,0.12127588834590919,0.387428710883711,0.2764346352982966,0.38040161041845466,0.22227356454912084
2023-08-31,XOM,26.814302914463646,6.41918251766616,0.16160181183729294,0.19981387489528968,0.5585861335619277,0.0817688994351738,0.41656414748723275,0.2861695328839485
2023-09-30,AAPL,36.18305712509313,2.5280125384490058,0.09202612027161453,0.08100542697881163,0.2712578886840832,0.052446099362869175,0.30659334882212314,
2023-09-30,ABBV,24.33300042799162,3.905868447673219,0.16131634038045456,0.13551355047503466,0.6553334150018624,0.04137685166240011,0.21372351622374675,0.21991770661221963
2023-09-30,AMD,19.217086891551574,7.1007895036052044,0.4,0.10270336540669003,0.30065172019138686,0.2530921418610931,0.22513656191134346,0.25401119613261053
2023-09-30,AMZN,29.05802057978153,4.3282579512041455,0.07528201429104518,0.023094185226565547,0.36458603738693657,-0.11226879578547877,0.33057439464576,0.24205320404743874
2023-09-30,BAC,15.543519104344945,3.471489123839718,0.1195792782280641,0.11253490339371658,0.47541699683439526,,0.3272556730367336,0.31282782599675135
2023-09-30,COP,8.334595059719657,5.3313849933335735,0.029600367359440313,-0.0007471045223865491,0.36731954355354274,-0.026299923889945398,0.4254129738473976,0.14446146077394095
2023-09-30,COST,15.434948619817648,4.866648114288578,0.06361543319565088,0.19782223500924406,0.3868021998256325,-0.031129368044020556,0.38255378534500145,0.2303446238579395
2023-09-30,CVX,25.779996138679188,5.532649097085006,-0.03273905578294148,0.2140022852380783,0.531425423375164,0.0926531892600425,0.45570965786396533,0.2251613302260961
2023-09-30,GOOGL,27.560860866557576,3.8737872284721546,0.010129675260377488,0.04190817766576013,0.43212952190938814,0.09320560057059576,0.4529273350580437,0.18747380888759946
2023-09-30,GS,27.084227295284304,4.482833795895121,0.15380469762648907,0.0778781343128162,0.26010234977315905,0.13094246501497164,0.45764539321537256,0.30125462462551106
2023-09-30,HD,21.78166604683623,4.02025888016391,0.2161593914400886,0.21066056519069304,0.6789403514394577,0.011996572714053591,0.19649359646399395,0.3557812653315896
2023-09-30,IBM,24.65195331716838,5.3714507063169945,0.1839108058579351,0.08883153943460421,0.40211001322168455,-0.02064058197631144,0.445709062788736,0.1529863498615204
2023-09-30,INTC,20.277857748995157,5.06839592404667,0.024449035268589284,0.14894400718397993,0.45136665243364493,0.03161484008064258,0.38379509966345543,0.3215583170008775
2023-09-30,JNJ,20.749075232700168,,0.231788960558792,0.17229562658567799,0.5333097261120516,0.149681090793172,0.4021750145082717,0.20333942885297873
2023-09-30,JPM,28.71825664533367,5.674648786319624,0.16078050447136755,0.14865168101339277,0.7378740620421282,0.09986098273619526,0.3935964588803577,0.22106917127233286
2023-09-30,LOW,17.97991032418597,7.003517628441285,0.2043680336024245,0.09247883055602472,0.27134695839564255,0.2726021216087482,0.35279180042718494,0.22435071548563168
2023-09-30,META,25.457693635812735,1.6329717580254588,-0.0057951977211326555,0.0017719950696036407,0.4878792995520993,0.1165779686188643,0.2157234220582135,0.17696532663435352
2023-09-30,MPC,31.290859235362,3.6376379036129776,-0.10082818699885598,-0.03344622448387406,0.5923804023843796,-0.2648054663556767,0.37553986799686645,0.19284780627551082
2023-09-30,MRK,,7.293785107386265,,0.01852239734411805,0.47323042295539997,-0.1045561217026082,0.2749695035585893,0.32403428618703867
2023-09-30,MS,25.594033010733884,8.231285440785475,0.02897674043016775,0.05755118449824379,0.3013287432690994,0.08826961634744068,0.3563114602582989,0.18179669062393583
2023-09-30,MSFT,22.7803194505254,5.211660756752745,,0.049498472901659166,0.4900824362866662,0.20743690088274658,0.2975692917988926,0.2028487876423645
2023-09-30,NVDA,40.10235471064631,4.145650036196309,0.05983419802079193,0.10475312180943673,0.3809014652969711,-0.00808523418129753,0.45841712858795736,0.2385528979416186
2023-09-30,PFE,17.497269161265056,4.798666028360061,0.07479931899119244,,0.29582683623997097,0.11099190726571817,0.4548196449892716,0.13616630046172595
2023-09-30,TGT,16.624293727176543,5.711323698878851,0.3089658717409837,0.19398709617183016,0.6535762889421576,0.035332477530005096,0.3515785332706274,0.23079669254957355
2023-09-30,TSLA,38.254507057508185,5.962434304900391,0.23009129720752597,0.12712907651697378,0.6434334911538598,-0.02569128493523065,0.2834492286097858,0.21629311330208031
2023-09-30,UNH,14.052217135273176,5.935254316457764,0.0992003733374424,,0.4551043560841126,0.276663992129206,0.3732983392464046,0.28581590379858335
2023-09-30,WFC,22.526931583918337,1.6539433455965642,0.002663346997734961,0.12017530612462489,0.5630475415100682,0.059248278774649735,0.4534609385987244,0.25732891110669465
2023-09-30,WMT,27.404466358351915,3.9709029504134286,0.09079589192701365,0.11315558176264923,0.43513508207460083,-0.14958849199464477,0.3679726032380953,0.2593237366092662
2023-09-30,XOM,26.576585303080876,5.47627693590318,0.03587773645946496,-0.00045778634216656067,0.4495510563926176,0.5,0.44215434414499505,0.25946043221786314
2023-10-31,AAPL,26.863055048446263,6.476351879012152,0.09806082359485832,0.02808328123191277,0.3470679844370592,0.2849302226540815,0.31788976955929915,0.2914579256671233
2023-10-31,ABBV,11.960759626805613,7.028188287862786,0.35971809815570943,-0.007255461035957242,0.625622477011079,0.16567646592515062,0.24539261959683503,0.13784717755378523
2023-10-31,AMD,,2.2703168986556377,0.034221213213615806,0.09756034998342035,0.5445423156452578,0.06826814103585277,0.33797655564392126,0.25115708679857396
2023-10-31,AMZN,16.566716004121403,4.2053917007065005,0.11593391359883642,0.0525470784923215,0.46004842686064773,0.06963791190955392,0.2730218735718649,0.0749754461952678
2023-10-31,BAC,25.717815256446535,5.928142451370641,0.11442944194697428,0.1118049284145133,0.39486319396801745,0.08635760566069735,0.3786460063207488,0.19809331661919025
2023-10-31,COP,46.247768641733586,4.05646749074562,0.20711501353525402,0.04220047792117236,0.44598128450343194,0.07990806507753646,,0.25467624561283964
2023-10-31,COST,42.65172598388481,4.994861623647111,0.08733644128790034,0.12710960812550898,0.4967412200140381,0.04771001229429452,0.14686720503336154,0.16397524108409967
2023-10-31,CVX,21.564035770347097,4.954726639937947,0.029972505500002078,0.0932740367575304,0.38269244709664796,-0.1395439235874707,0.22534255043886373,0.22072451050488737
2023-10-31,GOOGL,34.132626699807254,4.258702983146634,0.12601115246050917,0.16984560648794955,0.643530821174565,0.2968697281142261,0.3105657271653875,0.14248012597600446
2023-10-31,GS,26.754701622514553,2.666230338802586,0.013073260173455045,0.09198490144956839,0.36681769919729523,0.11984051311693346,0.40050334697762546,0.25081549065960085
2023-10-31,HD,26.062182041773738,7.508479413246285,0.11981285120138047,0.11822325892779854,0.3239954317345336,0.28423738971938195,0.25696746379344465,0.23715651606672028
2023-10-31,IBM,14.935976879496346,5.431793079494472,0.2472721744228654,0.009803637097856907,0.4201781377571203,0.07467976962608362,0.2909057498487908,0.21819364420596754
2023-10-31,INTC,26.687936018972852,4.055670103873646,0.17096147092708586,0.055338319306667064,0.5905715059333111,0.19528528281977703,0.5077395128245803,0.20150291917025165
2023-10-31,JNJ,27.52437509644191,7.309305791571244,0.20864529175318494,0.08297414000097136,0.25262593337989175,0.17014438875177318,0.24714930803317656,0.1604048826653858
2023-10-31,JPM,19.86843101129089,3.4546269061484285,0.09094576916135698,0.11768948647476313,0.12066233996324288,0.18661633250822948,0.3132006116357474,0.26392472272854345
2023-10-31,LOW,13.848713403491592,5.490767178081534,0.10867171398038458,0.10986857945065392,0.7794920347666949,0.258923663496219,0.37230644030789645,0.23382370437291305
2023-10-31,META,38.0832861151399,5.669740402089718,0.1107889480689663,0.1306119370032771,0.44288570837162705,0.16087592865188943,0.35668668773163137,0.2464640706997999
2023-10-31,MPC,17.964683668463934,5.351922325397631,0.09657404983528244,-0.07781771832047564,0.23010082280159927,-0.0690803718036484,0.3610454459341951,0.24143940954757914
2023-10-31,MRK,28.738130570730977,6.018184457981321,0.24565663621568012,0.1448386844542174,0.6225540860621769,0.05238049259144778,0.16397973418184258,0.14921865710868215
2023-10-31,MS,26.01266660958828,10.0,-0.02056827738891065,0.04567508988469684,0.6012287207146705,0.2132206694819549,0.28796835228252743,0.2509813545086657
2023-10-31,MSFT,23.956592305969526,4.899715749339159,0.07356295186342089,0.06775000703320871,0.5364831500578705,-0.06196191651905747,,0.3101132084765692
2023-10-31,NVDA,41.20696201911694,5.440625524559941,0.04954278800227923,0.042596840357286954,0.534731802709269,0.32461291359984623,0.34113757406302225,0.11580713838370349
2023-10-31,PFE,26.00413762893718,4.422187843875436,0.03007361439052289,0.13933613635513756,0.4216323942061495,0.19117157092523043,0.16058610963134187,0.2162903191226379
2023-10-31,SLB,29.5363995604873,5.047733235173939,0.09719801161496308,0.024083346671782885,0.5085726893638052,0.4762846488153597,0.46312886309165435,0.12195064859032488
2023-10-31,TGT,15.015775340709034,5.058018338603247,0.26020862887084284,,0.4948740399793503,0.04049794065691961,0.3547556194304964,0.17455083370428084
2023-10-31,UNH,21.72136300481823,8.39481932217446,0.25534483297189164,0.10323475176100912,0.33335184228723946,0.19044749762489493,0.4886341271399224,0.25013555823557093
2023-10-31,WFC,26.369339531087853,7.460279121455725,0.1106221839542179,0.10197926816576815,0.592364847204019,-0.10442744335089194,0.32632230168741805,0.19239913991085983
2023-10-31,WMT,29.80145993800476,6.975357188072171,0.12137113190215656,0.1258412121441603,0.5746886809881515,0.24697219197142348,0.23821293950228006,0.16394312341523248
2023-10-31,XOM,22.73983211769692,5.559281543468546,0.27947545774803517,0.08350000172115873,0.7091487384837131,-0.004341256900095902,0.3275473243167869,0.3130531669019948
2023-11-30,AAPL,23.720833631161447,5.000201287043956,0.23266732887773484,0.2919316552144209,0.5387890432672487,0.30428358812807366,0.27738483158108973,0.23586522238681276
2023-11-30,AMD,28.291682754705874,6.223135084257604,0.06685370931722023,0.1974862443356475,0.30170118130770784,-0.05365650531007088,0.28839296649280244,0.12760403653349484
2023-11-30,AMZN,25.06560979492557,7.108327178882856,-0.04239530543400413,0.2433597903213524,0.22885411154583735,0.1080027593725967,0.1754299521157927,0.29479053839513336
2023-11-30,BAC,18.706569361661934,0.5945599200211955,-0.053638061771432294,0.06420062904122247,0.33881016722565976,0.00996476965972562,0.43128618293066917,0.1762053331260743
2023-11-30,COP,35.10432230932346,4.144702911377944,-0.0527367704827138,0.13365042036544442,0.39021068365322736,0.002254534063236377,0.27652121931990425,0.12641098281468982
2023-11-30,COST,34.1709552986022,4.324313075010572,0.013009877644368312,,0.36219133292498285,0.03817434269537643,0.3682640836972761,0.14971732836097978
2023-11-30,CVX,38.3968949430387,2.7780549269918873,0.17732012987015688,0.11867919960857573,0.4433595031200646,0.12906731320845322,0.44314218160423396,0.22711404927890735
2023-11-30,GOOGL,37.631716636340116,3.60518091971465,0.11445632227281323,,0.4798697511048122,0.139037563705407,0.4727612596604008,0.25013221479890674
2023-11-30,GS,34.70098579679642,7.267398918084995,0.21021720228889365,0.1852310195115531,0.49174570430684283,0.09209243653486526,0.29098078466801375,0.31700830006138786
2023-11-30,HD,42.219285983698434,3.339301552990549,-0.07630674876122176,0.09368112007720863,0.4575777604255568,0.31082977752013474,,0.25905567413049774
2023-11-30,IBM,28.42926731640283,5.540229216200913,0.1761609462762287,0.19058070347268938,0.528156039917948,-0.10008233021471347,0.3748315456833168,0.27435383368554
2023-11-30,INTC,26.032710251584167,7.203600054255587,-0.08570097389359252,0.14745092222918527,0.5857813381162323,0.052785839340658794,0.3249318526421893,0.23071018368087257
2023-11-30,JNJ,20.81243932762399,3.9001167914360364,-0.08384011597330984,0.13322059517672796,0.29888736939639005,0.17115028111099137,0.41856749361371376,0.14694833319574857
2023-11-30,JPM,31.487991842393175,4.250441022120944,0.22640729875596996,0.031524251707065395,0.3582113677853373,0.03299414225576858,0.3367895168558143,0.26391578360644874
2023-11-30,LOW,30.106954719555276,9.778058793772226,0.28300179856002894,0.0811414214685455,0.8690731030744276,0.10725919744663102,0.48061684620539047,0.19365306898680157
2023-11-30,META,34.16240252733045,2.6748505534228486,-0.04965613620276463,0.1196221049331746,0.42413849816893395,0.14765020833231046,0.3736151354999594,0.2239196874461331
2023-11-30,MPC,26.83484603364153,4.757832776480402,0.01447480347289011,0.08785881367975795,0.4405007286437723,0.06556615820630121,0.28670989935250696,0.23008612984768043
2023-11-30,MRK,16.830333913572666,3.69725514085032,0.02838518348118961,0.16924118381006226,0.6096335493494542,0.10580104312900546,0.3085691537936448,0.23069142504410411
2023-11-30,MS,32.57676172492881,5.852512892831847,-0.023330633697822928,0.08692543732832009,0.40082907834667064,0.046877377823056184,0.3820347422259726,0.24560546477564674
2023-11-30,MSFT,21.215716361407143,5.446150214441353,-0.07093118136617654,0.20422947455411555,0.5227085454124982,0.11023122335148024,0.2833579566087071,0.27436798986161703
2023-11-30,NVDA,23.64482857384866,2.695991113689466,0.04219310293291992,0.0640736337520307,0.5489225825223623,0.24386301983927555,0.4287082099589837,0.26429267196962575
2023-11-30,PFE,28.459018919635028,2.119915863734649,0.15989183225383927,0.17368470711664508,0.4822165393274147,0.1772784913760679,0.33418680980858095,0.1687047628441333
2023-11-30,SLB,24.44143510691599,6.185870578590965,0.20743021101150944,0.016964858486880022,0.6467050243401339,0.24543807815783159,0.4177071242209387,0.2506306501974269
2023-11-30,TGT,29.34378052854876,5.705710597268564,0.055592559218260305,0.086015797298822,0.5309565929836879,0.042325433428332226,0.2941916889970053,0.2549640182484245
2023-11-30,TSLA,30.29559744383534,6.047067138343294,0.0571984467662244,0.17826962996438767,0.39290879874708534,0.22684640785001195,0.30963902642426255,0.323313018077044
2023-11-30,UNH,27.257540958278387,8.463839754978395,,0.0752613375205456,0.4053913135658642,0.050008087670469804,0.5020092692008978,0.2762593911453036
2023-11-30,WFC,24.22063146601278,,0.0903189868621675,0.09278593580394265,0.4781742861843647,0.26989045227560926,0.3612765122653178,0.3008135980711024
2023-11-30,WMT,17.280188899247932,5.141498413988414,0.20584368022240856,0.1430302590693437,,0.04851946964270624,0.37997830207656613,0.3227289816048454
2023-11-30,XOM,30.037632930463147,3.4819293745041477,0.23396877433318355,0.023739599467251377,0.42454751243649175,0.157468515551476,0.3556132055588219,0.2490658677927045
2023-12-31,AAPL,25.873756393123177,3.858611358303804,0.009670460936513553,0.1267413809005037,0.5786909174076711,-0.0005178325192222444,0.24861527435542866,0.24207259819571442
2023-12-31,ABBV,36.85970567790324,5.202887503824503,,0.023173817682970457,0.44962768388496566,0.06623206357578336,0.27598922151147587,0.3154070953018172
2023-12-31,AMD,,4.968453407711387,0.14240209479001026,0.09246702175517603,0.3005528262287709,0.16607262081449503,0.3166821111765972,0.23692738385181325
2023-12-31,AMZN,21.548981860102355,4.845068860108244,0.02649251786353843,0.08749225664890749,0.4120117517528668,-0.15674293561974226,0.4202642337714348,0.1876528130726776
2023-12-31,BAC,30.223823795798413,4.476117083353127,0.1487057078365739,0.11139137703709741,0.40922288291736875,,0.16204764684472925,0.2255068281519381
2023-12-31,COP,21.14276638269688,2.4637617503112694,0.048757543284550696,-0.055632505029546905,0.6451092251510196,-0.010313568907341267,0.3367152987974382,0.22539873646627998
2023-12-31,COST,29.90776794519281,5.703858187779141,0.007062182540629347,0.14651412921281162,0.6286053522707837,-0.0923291635264035,0.49540127341244466,0.32920357492126096
2023-12-31,CVX,32.887568812295726,7.647942982527509,0.2622126124496488,0.014515841940668822,0.5173218753313751,0.07479182661797713,0.22417926241750782,0.2264536147148255
2023-12-31,GOOGL,25.309477616328074,4.2093006239048,0.010511434952276716,0.04382187299267213,0.2883106354272374,-0.0014536861669301182,0.37817655259955,0.24969888187541667
2023-12-31,GS,41.027257759698536,5.253771274674885,0.16356951287818228,0.08979645463274508,0.41784149434417783,0.03991220992919181,0.3204680761166117,0.28008573770995215
2023-12-31,HD,37.57670991253483,4.792294083638652,0.28744158898781913,0.13817926101653258,0.3296942840523768,-0.07582575162374311,0.21653919415739104,0.27090434478844533
2023-12-31,IBM,14.302538240675387,6.722860596014132,0.020778024022766933,0.04758946044663697,0.2961088140210241,-0.004260225172114232,0.22435122082651573,0.29557726187664757
2023-12-31,INTC,33.09931961399978,5.731232001497479,0.18481816613139498,0.13382862841240814,0.551596154566483,0.14073876942983296,0.4082570037862794,0.3741930839106046
2023-12-31,JNJ,23.419486950892374,3.5525420128076552,0.21147015339742142,0.15906840234144798,0.6601764782544077,-0.0366453760760721,0.3690974625563452,0.08601638198044795
2023-12-31,JPM,29.346245684120348,2.55778186376537,0.17803454398521723,0.13876859416384607,0.48588837600212015,0.16415695406222475,0.45270950498959234,0.2525514511250991
2023-12-31,LOW,26.087715392847517,2.366288772114067,0.09961789848419736,0.1890996777970709,0.6056205840528399,0.19279625878808893,0.32257086197456547,0.22077673739315973
2023-12-31,META,42.844314467964516,5.754293738819129,0.012983887859888549,0.14688093719394452,0.5698998219367227,0.22012109246841333,0.2817089931028752,0.14667378575775195
2023-12-31,MPC,41.009128181585574,4.836307337504843,0.1994154064187607,0.0007055783903423263,0.5301735226718147,0.2875940597908303,0.4278263162292363,0.2290342824485075
2023-12-31,MRK,27.383504109964935,7.54826638662516,-0.0344270095398313,0.010493846846853588,0.46211426904845054,-0.05642775529182903,0.36374807301114664,0.38889744962112466
2023-12-31,MS,31.128021718984826,8.799963067808866,,0.09069821430862109,0.26754719699959717,0.05727897938113982,0.456765112916902,0.2841991472161615
2023-12-31,MSFT,26.50777709724648,3.3102637499180507,0.03299254985568019,0.13879864448568485,0.4450016418721833,0.06452087167782412,0.388975451436234,0.30023486307276553
2023-12-31,NVDA,25.46661952406734,7.050883743076523,-0.030425722840352776,-0.008586786109954836,0.3775017674957852,0.2538348929926567,0.3662164770288,0.28052383273672177
2023-12-31,PFE,34.50158019203918,4.439818093108753,0.13066040892820227,0.12801229109037068,0.8104856709515419,0.04515219253301285,0.232549260471399,0.1978633807223617
2023-12-31,SLB,34.35467499538561,2.8621291941908282,-0.0168438941071513,0.1343351070187077,0.2948359605133317,0.1767960684865879,0.2771557220406501,0.18546985258091545
2023-12-31,TGT,20.121463077143986,4.837638597411424,-0.1082335166472913,-0.04079335620586079,0.44641277636723875,-0.11308469956310938,0.24527783261645375,0.2731668807732527
2023-12-31,TSLA,32.377864769331346,4.2677627527152575,0.14475479504447403,0.22754901001347272,0.23420600351263532,0.05896380178404805,0.29747910134171973,0.22824778065869328
2023-12-31,UNH,48.9398220815783,4.359330126544556,0.01792863818920719,0.12471642372673744,0.2450172824097102,-0.04941459634550488,0.3831064957782157,0.1853587619851279
2023-12-31,WFC,28.696822824122975,5.774919887209374,0.18473578118654688,0.12910625120479235,0.5228637137584824,0.10651253189093506,0.325140126812284,0.17771830099392313
2023-12-31,WMT,31.86715210074307,8.625357091409668,0.07899883010358717,0.05419823730880106,0.5417752496545029,0.23857072741226354,0.3545286407074027,0.1351895591949207
2023-12-31,XOM,42.50058467363888,6.18931331324181,,0.08992464655766143,0.6095521481048104,0.132205332813832,0.3966344463786796,0.2776001757638699
2024-01-31,AAPL,38.784933322636824,6.294223465570824,0.06651663215844389,0.22953209068317748,0.355523971961787,0.09650577674980737,0.4581097864545239,0.3143844589736311
2024-01-31,ABBV,,5.395152266283311,0.1547818644765706,0.16224905480199048,0.6704357523867026,0.14385328563155317,0.43143647381150585,0.2795662366098667
2024-01-31,AMD,38.47459908586622,4.337322907164049,0.030747213323616615,0.23186450351206134,0.5997959305772939,-0.064598469782783,0.4228290433787292,0.3070131469112499
2024-01-31,AMZN,40.73323201080713,3.7132942876079422,0.14761712042616715,0.07504323453735746,0.9,0.007412978189094699,0.3011093266913676,0.30839911977574386
2024-01-31,BAC,,6.023477192317309,0.09294458221709107,0.1723491743872354,0.40643662615073267,-0.07026860200067028,0.3380862333708159,0.12453178046261983
2024-01-31,COP,43.4069756215684,5.356083348022452,0.13730287626657595,-0.009636439843259223,0.3514739355405405,0.041155560303167846,0.25474278142346146,0.2728247344948969
2024-01-31,COST,32.94126715458542,6.473732980048519,-0.009523352480392197,0.12943108802307496,0.22939734949514756,0.07019631610374048,0.5843643739524762,0.21610488674653644
2024-01-31,CVX,27.13597690980147,4.803355539064542,0.09458172620356314,0.09982649194277794,0.36076180244116063,0.341059917119902,0.3770693937114548,0.2663721570954574
2024-01-31,GOOGL,27.630792670301222,4.635547986981947,,0.11690798065644042,0.33664308378808594,0.09546242562000172,0.4212241958825697,0.1926658398428282
2024-01-31,GS,33.39417056516882,4.144395849099743,0.04655804313949688,0.12824743238849443,0.4766482542426602,0.28085344750153773,0.4736180428773143,0.2579949480443393
2024-01-31,HD,37.78586676608606,4.6280553221157845,0.0021431072536370055,0.20575744743173624,0.4538855226240477,0.2287820131270585,0.292608078890252,0.12236147788476395
2024-01-31,IBM,30.993941837989997,4.016005155568577,0.11869043727848831,-0.021529164557205036,0.2949262246629537,0.09746157355495111,0.4198901892201218,0.21263993663943154
2024-01-31,INTC,35.002291651453184,7.49753364096496,-0.0435399122964967,0.06120572161161299,0.4225718915352865,0.05349101203432752,0.6,0.2532181253650311
2024-01-31,JNJ,26.231685741381217,6.149447139683406,0.22297063215154572,0.14948672135141677,0.5234647706357272,0.23518874581595325,0.3310097795181213,0.10201580343920064
2024-01-31,JPM,26.486920963394645,5.289151549049937,0.3433398811338102,0.03304688633156545,0.48096006544095093,0.1078642760887477,0.41619879649385594,0.2556616811015442
2024-01-31,LOW,31.342619068446588,6.502259671857255,0.08068583864759435,0.078452299631904,0.4913424040377535,0.16582366654802894,0.28066889815426554,0.15796058941806795
2024-01-31,META,20.736430772690987,4.383324403376968,0.07740697526211815,-0.009701436670393429,0.7542135802301809,-0.10577699280200237,0.33012516462907643,0.1991796374961297
2024-01-31,MPC,25.30622289113867,2.876221281905289,0.11798718462890685,0.05394991108305644,0.4156510327922878,0.13633727672374557,0.4349636585180012,0.34936242596121125
2024-01-31,MRK,31.20952705336575,5.107379805743766,0.2132458824303936,-0.055284731691895225,0.3198190880686701,0.05768670377594043,0.30800908363918633,0.23042110147786357
2024-01-31,MS,28.94323779027521,4.969792456270014,0.2268404891813225,0.16236328016446544,0.589607444544802,-0.1450092205747123,0.36413379481422314,0.19496934676246136
2024-01-31,MSFT,32.34082407338746,7.26692666640357,0.19080422242229206,0.11032574878095755,0.7038231040269111,0.037708653468471756,0.41017460894379265,0.23994779341361658
2024-01-31,NVDA,28.35877465067313,8.51069608568113,0.23327563735461132,-0.0034345651415072925,0.6445211510990682,0.08214935011390083,0.3924303594705302,0.13193698553728883
2024-01-31,SLB,26.672865123352825,5.266858394979536,0.1016380243725813,0.1806795275791802,0.4877946461721461,0.08616097388847882,0.17681916195372815,0.26008365772044717
2024-01-31,TGT,19.241517372559798,5.291119004381265,0.11190687800655955,0.03846416531418949,0.6696786860838447,-0.13714916262293106,0.3678094624843084,0.26139095637395604
2024-01-31,TSLA,24.664975657934157,6.7730854109587115,0.1700087416065379,,0.5433520121269403,0.09269998826276615,0.3581810055908751,0.36227289718604117
2024-01-31,UNH,24.452769237521853,6.517842027146349,-0.04287423407976232,0.19808011416814023,0.464724931075586,-0.08360943827434228,0.3234496736978854,0.10610359966817241
2024-01-31,WFC,25.47961721568439,6.930949034298185,-0.07520867570555187,0.17472747223007054,0.5728419580224506,0.13779125543221882,0.3559196121907448,0.13287337183036774
2024-01-31,WMT,32.728730217826104,3.7079025538686605,0.20752658422797235,0.1410275076280178,0.5080701180290581,0.15558336237522588,0.33461730049522564,0.3025099921834398
2024-01-31,XOM,30.40786544966606,6.54112267775754,0.22779982465377077,0.15656611486137473,0.7092781542868929,0.13206461329068342,0.39326627599402775,0.15704540219287333
2024-02-29,AAPL,35.19375218135117,3.9043140179406777,0.23508968505537137,0.10776300761258559,0.5332259507541653,0.0014608545326572214,0.2351089783129332,0.21638322435896623
2024-02-29,ABBV,22.105751039119802,1.8694501620515278,0.19160594184092844,0.0051145724208067345,0.20660416560016054,-0.12994113896238582,0.3501813665396019,0.22018525968542205
2024-02-29,AMD,30.09933798439418,3.9662237170646124,0.20389361302437758,0.048455608632782636,0.516422898293859,0.26548212155823614,0.30940977978808193,0.24192737485904778
2024-02-29,AMZN,23.07760787083147,2.614842705030653,0.0005375374694439744,0.09997725359509516,0.6576825304623437,0.2697102098859334,0.45532876302553965,0.19258202784000597
2024-02-29,BAC,35.61002205351297,5.214736675073033,-0.008853232205804043,0.0467161334629836,0.30108876328671186,-0.2644254076236623,0.31057845522199645,0.2566193451447344
2024-02-29,COP,16.458512234841734,6.918561969953184,0.09461340445580792,0.18265359855223456,0.670332595119452,0.07792435452226094,0.24573307744435421,0.14388060062864308
2024-02-29,COST,25.58967431402527,5.162204750357458,0.011065319347369498,0.06490603925345229,0.6790433657167223,0.05866019242107722,0.30614353519443294,0.10964786298548528
2024-02-29,CVX,24.401089525942606,6.773783836162373,0.016474878826994444,0.050944296346846926,0.4212758217099653,0.15689462766903933,0.3492966607115252,0.26040883172788043
2024-02-29,GOOGL,40.53744166930638,4.244455179974402,-0.041036773054711706,0.16017017409445872,0.6825807542484075,0.2441537882884038,0.37775502003409817,0.18538462312174814
2024-02-29,GS,21.184583510334672,6.7785675032688815,0.1252391128554883,0.18233955996039658,0.5170715699585654,0.03961017554332083,0.4716060254972401,0.09239056804062237
2024-02-29,HD,26.68565109218946,5.730931261304371,0.21625639211847764,-0.0035785970670902806,0.4496161023607288,0.2983879139016514,0.18645024181105088,0.24246256193785126
2024-02-29,IBM,29.346606376835663,7.23339677758736,0.14329163018130808,0.07938014528288706,0.45470248875897856,0.17313621637827314,0.25583878375617525,0.17433735841742423
2024-02-29,INTC,35.07908511352649,7.089516733223997,-0.00859715436772894,0.13237269062088458,0.6566855374390317,0.11116494340149559,0.28771885912723993,0.12115497041411603
2024-02-29,JNJ,29.589396330362383,4.302970016251232,0.11508017999127283,0.05505797711985835,0.4571307083669257,0.002570416353293331,,0.262307747570137
2024-02-29,JPM,38.14942379801346,10.0,-0.06001516901860754,0.008260630626795412,0.5568113721817791,-0.00550405757089123,0.3842123864824914,0.20305603756997986
2024-02-29,LOW,19.361085137709537,7.110056748670051,0.1873008055273254,0.006133773682227006,0.5465614337919685,0.2803391991742856,0.392666720331314,0.20624415629079446
2024-02-29,META,28.012456833653673,6.295822916934233,0.11894074496337047,0.05674549788701967,0.42342236569029457,0.2686077946840266,0.1987528810465326,0.19417839708813844
2024-02-29,MPC,27.08670761729805,3.745604007561898,0.21296017775850723,,0.47365638637269464,0.1366551442231595,0.3989317830797927,0.2748837618572826
2024-02-29,MRK,26.576199416024235,4.812634716780798,0.1771623529816646,,0.481265861580448,0.2633965031150324,0.40218041247075764,0.1555209263232522
2024-02-29,MS,22.109126042369667,5.871688227781638,0.06805126925762528,-0.003526170828100611,0.5618635203889464,0.16800359927059488,0.33844104202938957,0.22486196988800852
2024-02-29,MSFT,32.379520608875026,6.921191594585981,0.02408238047608878,0.13389030817134262,0.40422419920688746,,0.4842270035896654,0.24054588588883363
2024-02-29,PFE,32.44704226381065,3.1138382904146202,0.09637300189942576,0.06032456050717097,0.6678220151845795,0.23973437197704603,0.4103633609637558,0.15034988806409247
2024-02-29,SLB,20.95865681995976,8.246432769934053,0.22416744409729222,0.12893881962201792,0.5827007251247063,-0.10777764706177767,0.4638388814260049,0.23250279919051342
2024-02-29,TGT,41.661859642988624,5.136897011990179,0.06557037151732435,-0.08561474934388129,0.511116340389693,0.06088160215461517,,0.1740507799655132
2024-02-29,TSLA,13.952444956660354,6.557612081168172,0.20831656231526208,0.14077013489772539,0.686128434072335,0.11149344338626668,0.3143755269357943,0.21089467340248483
2024-02-29,UNH,24.53183337968825,6.737479079867919,0.20855093991896245,0.03176502389818514,0.4979361043100814,0.004835768791788653,0.2739975858980095,0.2503306344099766
2024-02-29,WFC,22.885322057389736,8.157350760025306,0.07208433387164635,0.13805625839221974,0.42229600834792125,0.5,0.3885177769243215,0.1756321677445717
2024-02-29,WMT,37.725186264589055,6.67741688678638,0.03981967369532279,0.08357341164089774,0.5802656193505609,0.3236435961413948,0.323493661724417,0.1644478665039072
2024-02-29,XOM,18.863600387586608,5.772795632766952,0.09103436608684125,-0.0434308800372175,0.6316040914509434,-0.0025939491554860944,0.40236137565276575,0.20074237325988092
2024-03-31,AAPL,31.590376268267207,3.5826137984505007,0.10135516168898163,0.06547449988482794,0.5366944907745904,0.2333759100585511,0.2525840570334855,0.3446635680863132
2024-03-31,ABBV,35.91225836175104,3.452590103443077,-0.05800224993908626,0.23007263183226778,0.7631370620995311,0.24392926514323243,0.4358941947771473,0.13085270542065575
2024-03-31,AMD,22.06856157691756,6.564106024868898,0.018913932272826145,-0.011517465544691394,0.5622979183241511,-0.07287741284277446,0.33679238453630933,0.21912000156409694
2024-03-31,AMZN,23.67098577699292,7.713437873756291,0.0015041223984116059,0.17672139452082086,0.5548996999267244,0.3089050572345072,0.3720510230485172,0.2271829457731277
2024-03-31,BAC,12.14301894676995,7.9332594875598375,-0.09098737440303684,0.18554037323150352,0.48236796938186227,0.2093775759683063,0.3370991435510385,0.28552291017474607
2024-03-31,COP,23.25893506448742,5.103098552096112,0.2008724099467602,0.14037963339434062,0.3393805590654077,0.1465079689727524,0.45227872347348286,0.26718176524470766
2024-03-31,COST,29.59642936768252,5.9903706541140815,0.21862766809957052,0.17544290959233272,0.35271840645657704,-0.1415636537743575,0.5025850653950428,0.17213288825777154
2024-03-31,CVX,30.141101120547138,5.611241110670542,0.23438412171987522,0.10240658449716897,0.33610672129409613,-0.06442369018748129,0.25869606333644646,0.13719721980213906
2024-03-31,GOOGL,22.270738759508994,6.642916484550358,,0.07737849247896383,0.5674378617140443,-0.07450657710971728,0.41216417255987303,0.23055299296728027
2024-03-31,GS,19.90693975810931,8.328672099497041,0.07461374838984994,0.08126162220882477,0.6855950625530675,0.09087992744741685,0.4181862575550529,0.17453633335230795
2024-03-31,HD,32.617852199346665,7.276224515699274,0.1253172087606057,0.04440238903141586,0.3678312105639988,0.13510139615666802,0.43363701264973364,0.25395296024468605
2024-03-31,IBM,12.024550257752862,3.875305461940655,0.10269210737454042,0.098371768213203,0.4730813179206442,0.05493555542715215,0.33257519947130687,0.2607300364801755
2024-03-31,INTC,20.703315483044996,4.461494807482341,-0.0078075041741284545,0.1359974425990627,0.4649673273010013,-0.03217151513758315,0.4000156142473851,0.3505653567006526
2024-03-31,JNJ,24.606470734971982,8.786621166913118,0.08539253562013951,0.05315949739954659,0.5228424800378552,0.3284294249857775,0.3470456849361086,0.16944849971043058
2024-03-31,JPM,31.901057314478834,4.44375466057639,-0.12107460030877076,0.06304422503668183,0.42073691209179265,0.10017053049077625,0.3074059439885192,0.26677135912947153
2024-03-31,LOW,35.911650883627395,5.049672096242388,0.2359166876034561,0.19362413683612112,0.7562790936994117,0.12176308037336475,0.2913478776956871,
2024-03-31,META,24.66434965804826,6.335930816668499,0.1198533030100291,0.06113824454568762,0.5781429705399465,0.20390996160327982,0.29366878213917946,0.20241115336069637
2024-03-31,MPC,35.868986392116156,3.883017827273382,0.06944640025859268,0.04568452140434142,0.5671059396139088,0.2154554884134091,0.37766225488386324,0.1894517890107552
2024-03-31,MRK,6.67715316614834,4.954026848328448,0.08191224531728554,0.07129543773154534,0.3536164897142944,0.15845520923607415,0.3539106121910007,0.19389352334316745
2024-03-31,MS,39.08174267887609,4.725012455321048,0.2593678832044523,,0.4112461116332644,0.027759303508305813,0.26303309302378364,0.12906997031370554
2024-03-31,MSFT,32.17556001389503,3.8644622855357316,0.2242229655931536,0.07963906581310257,0.5951088919848725,0.13140124626070815,0.1889066476575015,0.1422616079152555
2024-03-31,NVDA,20.254994360192327,3.5729739533490226,0.16572915637530092,0.1208053260776778,0.5624797185980392,0.2477580729773865,,0.22957806573734424
2024-03-31,PFE,21.343469443226326,4.566935947041417,-0.1232710169337968,0.11802649715263862,0.45702217515191146,-0.008116112787969018,0.20035304098267226,0.1028309855441074
2024-03-31,SLB,,5.109007117209291,-0.07298925074657647,0.14227170527436306,0.6343289733161956,0.1849057530759016,0.34343343736039805,0.31346801715321154
2024-03-31,TGT,7.659875529412481,3.644764818182417,-0.06817475131837411,0.16761276092898436,0.5364744124765466,0.023063881319674073,0.48225554407717297,0.20254331431471134
2024-03-31,TSLA,25.323811350584847,6.614806368205279,0.06259196859856883,0.19843021584860127,0.6916212012887926,0.1774467915210152,0.3463249267567002,0.0662629916850613
2024-03-31,UNH,37.87351214769979,2.766923227093927,0.17237695847793286,0.08561403393213989,0.4667684557474645,0.06362178575959081,0.42637602016344994,0.4
2024-03-31,WFC,21.51138682488169,1.2084647540948383,0.12014720693673643,0.11722441427225411,0.2957030736676899,-0.07508730833882488,0.3910041446243238,0.1328982965420335
2024-03-31,WMT,30.637242593503483,3.594221818256604,0.10506941325490185,-0.04443937705761193,0.5891133110066621,0.16489572968514665,0.36282359152420113,0.2121232021769625
2024-03-31,XOM,23.436300190777033,4.839249937712448,0.0944782856077641,0.13788248428929262,0.3663536616105126,0.1919222023627462,0.3922010988735472,0.19975046267407104
2024-04-30,AAPL,26.943229506823126,3.8312437524877367,0.17652159279788426,0.18163996071645827,0.7675862108493916,0.1210338462388302,0.1668299738764227,0.1219751812721207
2024-04-30,ABBV,35.827986269318124,7.611942489128202,0.07382046206875187,0.20083853730224582,0.3949687675770883,0.16188483200059345,0.4120021611180966,0.14442665969180923
2024-04-30,AMD,16.764064615192208,4.42384832835567,0.13974657871287008,0.1651701736821309,0.548817211417661,0.13949136235701676,0.32126823527405773,0.2542446023638867
2024-04-30,AMZN,19.890597834271155,6.0767064528942045,0.2679317061484252,0.07444938953891089,0.5524692253482423,0.010482610559473679,0.3843575039239577,0.31211696552837465
2024-04-30,BAC,29.324853501455816,3.783769107753814,-0.06292242422619551,0.0862701000368335,0.49353169625058096,0.15673340807782052,0.5128133687798369,0.262486490929462
2024-04-30,COP,21.819948397466792,1.971772312605105,0.22540819494103978,0.26399321971506506,0.6565941420771431,-0.004720257931368446,0.410048477350512,0.23998968251772826
2024-04-30,COST,30.527683410579833,5.736923349270317,0.21492410327060188,0.006366354160323037,0.523734350115377,0.14063561368076458,0.4237388500856981,0.29718590466487066
2024-04-30,GOOGL,21.063227475554505,5.561198572610303,0.20385558192173284,0.043992464144993484,0.45729630789176395,0.09257185018262168,0.379248185429771,0.20236795402694532
2024-04-30,GS,14.384719683202345,6.141795637995037,0.07743036679115402,0.08161368864486511,0.42611705661848287,0.050464706935097706,0.33716598537939,0.2568985604109557
2024-04-30,HD,14.630424138010097,5.216918633626864,0.074799251861839,0.07996662244586727,0.7772452766722239,0.049916521107110846,0.4871417645131438,0.12190491178728038
2024-04-30,IBM,29.243074191010102,4.276393301752805,0.10326084873152394,0.06222766647961693,0.570113452091927,0.12782992294939066,0.3515070257147834,0.1422089352704723
2024-04-30,INTC,23.95659185804637,5.193223301230621,0.053656110023551765,0.1078031813183401,0.5334675302631463,0.06876226474982118,0.42578437165706606,0.21731202369998187
2024-04-30,JNJ,21.197420441961523,4.9829662576593075,0.031525094723336866,0.10621259832944828,0.5431335460309195,0.13171309279420823,0.4401209823872112,0.19463351814994184
2024-04-30,JPM,25.802845950089733,2.813470811950977,0.1881280297865999,0.04497429117255553,0.5731375353918442,0.18409755771586334,0.2552169733853633,0.260416901729106
2024-04-30,LOW,46.29710731566064,4.813026841793904,0.12252911689173772,0.12879330163722544,0.6698747016605261,0.22458769101720388,0.3937582955490089,0.3245365270756826
2024-04-30,META,23.737681736524653,6.843885896568883,0.15799713592797038,0.04100645941696032,0.29493985108664766,0.25743281759775294,0.35667470702910503,0.21106468982508803
2024-04-30,MPC,31.71005333786531,5.715119777214789,-0.14906872579339253,0.19220929615993637,0.5692895476618051,0.07611191318564725,0.38884131090029284,0.19584340730332206
2024-04-30,MRK,25.258534622590002,5.476009595746688,0.3286051188160899,0.0355870691718541,0.5599323173256011,0.010958343410189336,0.358760506707112,0.13797929580734952
2024-04-30,MS,38.21760554569302,5.492071719079393,0.1092738883959014,0.059470359280854417,0.3443345644583421,0.3501935380497645,,0.29137279135256416
2024-04-30,MSFT,28.67639899070337,7.0547345741161935,0.14711809083639416,0.08305159951735513,0.45496668132791745,0.023383999964512542,0.40276718351591523,0.14679464281186685
2024-04-30,NVDA,24.76423042281276,4.143211830768352,0.06471287176956722,0.22387475926955613,0.5403012868052246,0.02491957898293036,0.36493882059242844,0.24083261825768987
2024-04-30,PFE,21.913614833560178,6.978071809318104,0.053953656236582416,0.06769509621851535,0.327194559652612,-0.10336179942206339,0.38876218408642627,0.23793953852107172
2024-04-30,SLB,20.14923866116801,5.394662957945163,-0.06620920068533573,0.15235242391121942,0.6031164743835944,0.1463913428278211,0.49340959651275307,0.22816135966494952
2024-04-30,TGT,33.99542761207948,6.746021639065977,0.10305623495034126,0.014176140913999075,0.33885499331611607,-0.09176709264221192,0.45291754304389015,0.2467293829653301
2024-04-30,TSLA,46.423720707247654,6.275828531032689,0.1573948882866122,0.10230883128186079,0.6392883674434332,0.2917274483932941,0.35701955765185955,0.11575968486792251
2024-04-30,UNH,27.238048841491498,7.522681769086823,0.08084963017722893,0.1024164434180095,0.5626293731461303,-0.04213153408296075,0.4338164665186261,0.2535686847691619
2024-04-30,WFC,24.918413772300383,6.849325220149803,0.17546914772618463,0.16841521228438178,0.4306505588529148,0.15414323607352562,0.1,0.215636360449761
2024-04-30,WMT,40.45830604454229,8.02761763328889,0.09131837015905023,0.1153449599042709,0.5475569753423049,0.06908421774957302,0.3747414064083313,0.2004503696089422
2024-04-30,XOM,20.26511898853729,7.511746045035395,-0.10285080317343634,0.13143080249116595,0.5457182908663607,0.1969158712745897,0.41260563663888006,0.15105198460855762
2024-05-31,AAPL,27.082990420688084,4.719939696751132,0.001292967882260923,0.07664615203931016,0.5356752439908589,-0.019334551462084876,0.40402266431018635,0.2392268023375159
2024-05-31,ABBV,27.713448576819356,5.999000177319033,0.09540633916497276,0.11063943981954644,0.31412643249968686,0.26684951139626345,0.28178258059913486,0.30264800291786587
2024-05-31,AMD,19.683329308436996,7.287984519951612,0.006421848594864318,-0.01696911921151968,0.546888130025091,-0.05604342564136702,0.31003319285588743,0.33039658505819786
2024-05-31,AMZN,31.781761881918708,2.404754162159807,0.004009965140581287,0.03917522301691723,0.43314051408501,0.032110779029094594,0.3200019110854162,0.2603354238572871
2024-05-31,BAC,17.218007073255553,5.864421575091772,0.1366800719399004,0.11945129867787459,0.6973951798918859,-0.19401959563677698,0.31455238184622303,0.20180654291820133
2024-05-31,COP,35.72314093786104,3.797811732232497,0.05440351204147336,0.15101387006972894,0.4161022991163046,0.1814157527260848,0.35795824192151804,0.2510158532239354
2024-05-31,COST,33.067076447624814,4.680358275249102,0.09732994958564818,0.07820261633820265,0.4143712758830932,0.04592247469364666,0.3719481073924471,0.19306911246403066
2024-05-31,CVX,26.32831464787452,7.439101831934631,0.005052748056929374,0.06387768391379263,0.5403253113988482,0.061319698111034986,0.2695436115697887,0.273658760442528
2024-05-31,GOOGL,26.05001439575406,5.076630550827531,0.15377014083090712,,0.5249899269012304,0.13725045421339435,0.3354167024959704,0.186576450959093
2024-05-31,GS,37.7136483119889,2.7858947711959807,-0.09216881454294859,0.1012990980360325,0.6720568006002993,0.18166486685727135,0.3518343835887611,0.2934857496602724
2024-05-31,HD,24.34714320604771,3.09973787683845,0.19334665436479853,0.07404282510806295,0.5017049153275218,0.14870080799019159,0.4749874360050138,0.1530105995866175
2024-05-31,IBM,32.24693717279365,1.7983624892027614,0.06343691298746645,0.1037574814266215,0.5710952866335574,0.043054054604825594,0.3269563688806326,0.22751439615332258
2024-05-31,INTC,33.09950591767378,6.94165487047409,-0.043255018465462036,0.020853177753046112,0.6030742346655034,0.09974870454982006,0.28742733303786877,0.24359199245317445
2024-05-31,JNJ,40.394464551149184,5.675911797015161,-0.07591755245115944,0.15049219436111977,0.5455564568416398,0.31638726351124624,0.3262850470221555,0.20896290527254224
2024-05-31,JPM,31.143107036380933,6.436829671630558,0.13306594022218365,0.05182702280663938,0.45890913037844683,0.2448756836103997,0.4032419340147108,0.2580409679722686
2024-05-31,LOW,25.505242948150165,4.711603087186469,0.025689818222323302,0.06261069393861252,0.5921710960531473,0.02880833557375835,0.17420244614823216,0.28437995620628903
2024-05-31,META,22.186899483957987,2.5581866132547058,0.1117328196951627,0.17510207287605067,0.4109395779585647,0.2634145312272656,0.3069299317522175,0.22331048548537735
2024-05-31,MPC,38.44535254690503,6.548854239356641,0.21126992470144174,0.22484779551110562,0.6695668510463951,-0.028545272109240155,0.527057609135514,0.19842400762270826
2024-05-31,MRK,29.27613941675643,8.269212465830194,0.017010343287974114,0.07884181319255937,0.5437785994887435,0.20365428431880878,0.38281563861856427,0.3283328099504845
2024-05-31,MS,28.573487701505584,6.087989313305462,0.1451166194397791,0.042766734875016726,0.4267432060690835,-0.1225239951181433,0.383724339508321,0.21447431676312795
2024-05-31,MSFT,32.49518012451495,5.2512560843801355,0.001873016313279005,0.009808955771851147,0.5624412786988059,-0.09642738362995776,0.3260147827279345,0.2539474686455267
2024-05-31,NVDA,27.53317282465155,3.6584029117446035,0.05944619350735426,0.06540206629884819,0.4661944308066962,0.13318514035658718,0.17285135536768326,0.20787434987482628
2024-05-31,PFE,26.232316769144546,5.1662911391190285,0.05706538352695763,0.14572838225825321,0.48593635779058975,0.11128229123434745,0.32874480714174464,0.2101814763656415
2024-05-31,SLB,20.542116984786354,5.417219301025752,0.17266452826830875,0.13092546515800957,0.6173300800285442,0.252110424340394,0.3570057564017399,0.2649883380441089
2024-05-31,TGT,28.048205411435706,8.953943407091309,0.08414080020356973,0.14696573927507842,0.30142493387110403,0.14265727958542865,0.2911448433998328,0.15805193265925677
2024-05-31,TSLA,28.25819005661832,8.446325133682404,0.04486592645261305,0.11990473599681063,0.6958400317507683,0.0017094038031214148,0.3348615931704574,0.2594076559606217
2024-05-31,UNH,17.68054617670711,4.6089448775228705,0.11394687298024032,0.18386759590396734,0.6079901248017907,0.06341094634475851,0.3120065536324843,0.18547268391178806
2024-05-31,WFC,21.405129609455848,6.997179564891308,0.1153204176773172,0.0979588389938134,0.29254609853134816,0.0444857091369932,0.46010537677286645,0.33073715263738834
2024-05-31,WMT,31.500918773312375,7.081835445564673,0.13180225154214825,0.10246646654975934,0.3104705316402331,0.15593549355128172,0.38877612605356765,0.1831675332500881
2024-05-31,XOM,29.270594354818193,6.015531861623161,-0.013252767210433794,0.07696586750911752,0.500178226367902,-0.11941256464760505,0.3733119089977554,0.24012539182507528
2024-06-30,AAPL,17.040699068934238,4.8187180742573155,-0.014402119023121732,0.16022634244556105,0.6949708627993252,-0.05450655518730407,0.3838960141014684,0.18682610917110185
2024-06-30,ABBV,26.550821459482854,6.855417533962443,0.17499057166924475,0.14126439129522805,0.690793484619743,0.06412779120119122,0.41255639077224776,0.14751837925368746
2024-06-30,AMD,24.08271051453844,4.951039196521176,0.09662884401703621,0.04268066576913111,0.5260851062245285,0.23139779868938484,0.3570019142820717,0.3314292823886922
2024-06-30,AMZN,36.809962598871245,4.4376606385649096,0.1804043221597756,0.10140572734122442,0.16640645105980573,0.001216179199561504,0.44805999817398984,0.13585711250394097
2024-06-30,BAC,25.01192721334602,6.595831101833859,0.1723598191010931,-0.023217924093779582,0.4902982300282994,0.15705091217849657,0.45645152912899933,0.18299341996967433
2024-06-30,COP,31.16886671395762,4.779655883543835,0.08798166104703457,0.12902692561614154,0.5575329820535672,0.26623758352565297,,0.149856884748756
2024-06-30,COST,18.184469681144684,4.780839751295282,0.05966230996343764,0.10000911569561266,0.3445360733622884,-0.0006629210579094241,0.2860202939560297,0.06952189830079655
2024-06-30,CVX,32.388068198963865,4.7983247212667015,-0.05653404633526707,0.01864085445814352,0.5860738622158606,-0.035021686322897955,0.43327453220239065,0.29836548968425336
2024-06-30,GOOGL,26.054100593686837,6.620186527450393,0.06351529633865646,0.14855594191970067,0.5894635132971826,0.16461931606792907,0.42648967607843813,0.2280523124404143
2024-06-30,GS,38.04257274114296,4.490971385164171,0.015328800018070923,0.21651142711076887,0.3206663050382863,0.03912252190519925,0.34551036335966745,0.22020584913107843
2024-06-30,HD,21.159105213165738,5.551059169616254,0.1690802602159283,0.1280618132180762,0.36730474075028796,-0.02368942779393829,0.29359963372264664,0.17948317939302083
2024-06-30,IBM,29.153544286584083,6.1663524612231395,0.03049381133642931,0.06575657344039874,0.7701483223575818,-0.09100669718462906,0.3239497323558996,0.21872052377227763
2024-06-30,INTC,39.62896007364638,5.607640700000883,0.07441094721319605,0.07056101577101102,0.6536229607635429,0.17718802453914356,0.27162658856275645,0.2717488633294695
2024-06-30,JNJ,34.901247172321355,7.533261628311294,0.11572571748990262,0.09104614161608746,0.4199541515160212,-0.015505479755420257,0.3071509787671193,0.19377436123322134
2024-06-30,JPM,31.64391011761917,5.528108533563887,0.15799866503343024,0.07839559975313885,0.48036478215720047,0.11866267737979513,0.37996974906368136,0.24704912963118722
2024-06-30,LOW,31.77526806661048,6.869753832207232,0.0859738755218108,0.20968020260800233,0.19590049881705418,0.15370490082778993,,0.2232402584635109
2024-06-30,META,30.148374032446632,2.9103625768783044,0.25681653359052853,0.11569239546400727,0.5740522848612749,0.28998438184933706,0.394475573180505,0.2436551868398022
2024-06-30,MPC,41.29975181223918,3.996166420287577,,0.08370303737768052,0.442589302635027,-0.01972352545620154,0.2830996868176602,0.12691771111459377
2024-06-30,MS,18.28579630383555,6.590322187242583,0.12183283357294873,0.2692133594864798,0.48467728932397885,0.21853351555141753,0.45044977115128143,0.29861213718378515
2024-06-30,MSFT,26.419563743043252,7.846693894720863,0.135570789305699,0.06147871621485656,0.6774773712705561,-0.0289330417311289,0.344381090204915,0.13995768192615535
2024-06-30,NVDA,18.61095881826461,3.2678168319346073,0.09122093833622637,0.20886711382388468,0.6297725381410932,0.3640446172499261,0.49984413204842915,0.20642839728981183
2024-06-30,PFE,9.878779103302147,7.7428464873830585,0.11367382052003687,0.009464371591624762,0.6913812931996023,0.11209130421679298,0.32947925835760594,0.21624304641547729
2024-06-30,SLB,26.541818399784425,4.708216404434904,0.14362347690250146,0.11285825739336097,0.4837088390001812,-0.019273077810931835,0.3482034749994025,0.2194941005624657
2024-06-30,TGT,46.62281754817415,6.148852860141083,0.21493931085564583,0.23782907492965366,0.5360857567320034,0.042026264375022056,0.2742834757042587,0.25816502365516086
2024-06-30,TSLA,33.8672957126187,5.2516964609371835,0.17156908111423524,0.12754709723984697,0.5410530427218765,0.05030560017823467,0.4048911754257271,0.2518832141139368
2024-06-30,UNH,28.497070076334243,7.412740878854457,0.013519930706234168,0.13839344319786034,0.3533612326909251,0.06374215116337688,,0.22163226996525984
2024-06-30,WFC,29.661833499947733,5.217123926906089,0.32496994454508876,0.028921953010015627,0.5781881235680426,-0.009817894578356606,0.40416619196437037,0.25795583260811084
2024-06-30,WMT,22.43029761983371,7.971881067479417,-0.04858005267513599,0.04658786440928651,0.39933945812919414,0.11906069892686297,0.21490912256453543,0.21226023419848247
2024-06-30,XOM,24.400957376315137,6.2675740263705695,0.1595768372948299,0.10772272322037096,0.46506843907691253,0.24077604890748253,0.30730283190452296,0.3021819152023031
2024-07-31,AAPL,43.34078467012536,5.745612730746621,-0.034050633062573554,0.08302571136585783,0.5384942241539246,0.2316451202785309,0.26307901248377547,0.2248673991890224
2024-07-31,ABBV,32.54529260739994,2.4474045028446736,0.016154365534380016,-0.0077685749245629265,0.42179896759974383,0.1752674299843277,0.25569965115506565,0.22694350160300414
2024-07-31,AMD,35.915656348162514,6.43510001244851,-0.006990667158725858,-0.0255854985572717,0.46724470371798454,0.02676952634061222,0.24307574363263626,0.15536782762356716
2024-07-31,AMZN,28.83188559861019,5.083271065351257,0.0369853550666058,0.11395895721626458,0.600886135425474,0.20319211299407622,0.3789921488071421,0.23702302120045826
2024-07-31,BAC,22.294997010905675,5.790348257795884,0.13469736257573467,0.17843144199879976,0.575018442290018,0.0825182794821309,0.2631307310534434,0.22131342330578224
2024-07-31,COP,19.850003842463124,4.783479172763641,-0.10610390839717193,0.1302501255659002,0.594855635952969,0.04631089827469755,0.2526834870581691,0.2392210484745637
2024-07-31,COST,40.435389294861224,4.547243222855302,0.16468366309250276,0.13764717966466333,0.4734897554957923,0.08247910579891687,0.2736272504039659,0.2724396470732281
2024-07-31,CVX,39.58774382325389,6.2477427062903494,0.08605043220824436,0.15915874957856158,0.36654264077320453,0.08636289350501536,0.29957655765668845,
2024-07-31,GOOGL,23.20840805221219,6.553657548286932,0.10618181775511679,0.019433702791407895,0.5277763028518537,0.02101264658648927,0.3070861919666579,0.3736522533400293
2024-07-31,GS,24.572726715079135,4.996003238727619,0.08929469014884739,0.06425699523941864,0.36425466894506986,0.05010999981787346,0.17787148453579768,0.2371953017814254
2024-07-31,HD,22.805185009350453,3.505346450390456,0.05368773477286699,0.0640999285950715,0.47515864608739833,0.20972587835391224,0.20308800937261917,0.2731005320638455
2024-07-31,IBM,37.39360940473266,9.159314249759397,-0.19045792067838915,0.13599138186141557,0.5634098316939564,0.17625024947731482,0.3559065322606144,0.1519628123433694
2024-07-31,INTC,20.68552521100071,4.827521952251202,0.11821264256608077,0.07619859777310468,0.6469416272820916,0.06554225684253853,0.3770700817356918,0.10968048070215301
2024-07-31,JNJ,21.245837486378672,7.841006997215276,0.2055927364555039,-0.02819159890687238,0.3919446688703997,0.02327863458950094,0.4329896008408265,0.22564467173570082
2024-07-31,JPM,36.59526193972839,4.075055862977905,0.14756015216743512,0.051887142935219274,0.4663972418402248,-0.01585137959811081,0.35461745047979903,0.2790593393564263
2024-07-31,LOW,33.80755238644038,3.9501234384898476,0.16246636399685285,-0.06310384674340726,0.24627232157717094,-0.010776472916709592,0.29886935670467807,0.16432016846673317
2024-07-31,META,32.029884522819835,3.8882672094512527,0.01582817283573787,0.028681915718869008,0.5017894289810721,0.1543590690856707,0.3869727907069873,0.20709335628382144
2024-07-31,MPC,31.89138811481993,2.1652214675348658,0.018241055734654607,0.062262916938884555,0.34050727561551586,0.21175428997747345,0.5339502273308024,0.13993024631695136
2024-07-31,MRK,25.820441297457478,6.925736351455926,-0.06942265652903393,-0.048284751374574456,0.8486369623139167,0.19333910719030423,0.3347665230663128,
2024-07-31,MS,27.75476338814169,4.4312787189781915,0.08918220809288481,0.09546241538028598,0.5022168300233198,0.08276184465316222,0.311780366026211,0.23851716158732797
2024-07-31,MSFT,21.296471998953557,4.946271732394884,0.11987739472128914,0.023027376591580523,0.4877930568222126,,0.2935194804937071,0.225992099958538
2024-07-31,NVDA,27.222943385298553,4.11745446074931,0.035459059659928766,0.14944377332886163,0.5454480300533078,0.009801143362444587,0.27833615491839814,0.2103597709845927
2024-07-31,PFE,31.38401548739299,4.701002413226757,0.006436559754479446,-0.030782146911236305,0.4909083481477345,,0.43166077534997355,0.22388256079047233
2024-07-31,SLB,35.43687527730661,6.981813304474305,0.15706477238384736,-0.06892734796542334,0.4476930231432541,0.15891686012924314,0.3213197012490732,0.2867303447546145
2024-07-31,TGT,27.429211906755608,5.653199596741829,-0.07426406825607176,0.13309867824482904,0.6882352816505803,0.3211113492936734,0.17298421276895834,0.24133885328427906
2024-07-31,TSLA,22.625040629990526,1.9324797825465452,,0.00876188736895725,0.6254717255901606,0.043478062060589254,0.4627520197384159,0.2688359874119543
2024-07-31,UNH,38.63339023143602,6.980650369152342,0.21961834686206344,0.16460638555472246,0.3754523293096678,0.22673019794930552,0.34847481127672647,0.2242968923980023
2024-07-31,WFC,14.721896172164984,5.938513723899727,-0.041303340706805663,0.08577325722221221,0.5398548911194214,0.10369428657218484,0.42808920632381275,0.1970245076916412
2024-07-31,WMT,20.156783552047923,8.984862442862353,0.0836958953712113,0.1093625180707162,0.3718543768855428,0.2825818924890291,0.40034733137000156,0.2890088608399796
2024-07-31,XOM,25.856056711181978,6.183758751340081,0.16322869390426117,0.1829703096659083,0.6806604159223569,0.015807229946494722,0.31859479239338856,0.12447085442775427
2024-08-31,AAPL,35.88285440097712,2.7426560748360367,0.0869600146447931,0.12529590271083674,0.7170986707869221,0.10166443885740753,0.2909794399467646,0.17269773441962044
2024-08-31,ABBV,24.88826575158057,3.762574904188231,0.21973635310274747,0.048113913177221315,0.1540017232380172,0.024795740434610858,0.3114872504239429,0.18592034960867435
2024-08-31,AMD,26.07770983341096,3.590806683135279,0.1770381368947172,0.06470898146034687,0.48065034896074343,0.055528995802703686,,0.1500034772232991
2024-08-31,AMZN,29.28684903503472,3.6640454431516183,0.14189547311483833,-0.037692058275149196,0.4224553423599092,0.2002326520161073,0.3072183460026303,0.24484824297478205
2024-08-31,BAC,29.71601546652549,5.284083938934064,0.19689992995790112,0.21142927914616133,0.5963680439247501,-0.18327996360205415,0.363792768164386,0.1370790725276758
2024-08-31,COP,37.560752874053506,4.597892963915868,0.2902877603905431,-0.010343567220846867,0.5377765598559987,0.24669519207973567,0.4112699467665581,0.28463523855614403
2024-08-31,COST,32.20899413983886,5.8001055792215945,0.18669780836241368,0.14228846388634583,0.3974656355136196,-0.16315410771336916,0.18892689834474855,0.30099799114044523
2024-08-31,CVX,22.431163518541396,4.510059014703489,0.08809755714224828,0.14554611684230545,0.6887923385702166,0.08047939936282587,0.4436820925552324,0.26020939659190406
2024-08-31,GOOGL,30.064099370048606,6.188023980553193,0.1832198348443368,0.06881377718869493,0.5535124558096247,0.32079575510230485,0.33466553840268726,0.29617144658979766
2024-08-31,GS,45.01292098988212,5.66776889946237,0.09526194409499908,0.09715984056915462,0.6475146006537738,0.12112689325210135,0.36905126927406406,0.28743682029503803
2024-08-31,HD,29.679812122757113,2.2942732206209926,0.2578472823751119,0.22995915142734003,0.5470186519348181,0.14754826394064607,0.3997517875784432,0.24638373193635837
2024-08-31,IBM,40.79015232971772,7.337375154222403,0.06249996210341123,-0.00818248330964462,0.4861475750711546,0.36216432394187703,0.3319924043027473,0.20756697144699943
2024-08-31,INTC,36.623902082101964,4.9270307199089745,0.09352806945703639,0.10136490937127643,0.5008235041648025,-0.008211866889401315,0.2687834508379694,0.1306758793368277
2024-08-31,JNJ,34.73882390357346,4.850684728634242,0.0783776810646861,0.04306110742943551,0.4338641280896249,0.0995051180193731,0.371952344815789,0.23669746257702612
2024-08-31,JPM,28.07303377313163,4.983150412335504,-0.04108314914297326,0.13103209890277198,0.415508046466903,0.1453344286793651,0.3597224434613708,0.2647032935456498
2024-08-31,LOW,30.748395322445408,3.118062957979109,0.028563183986295634,0.06812466986241336,0.6553621588944473,0.03351566386577223,0.4033528796788861,0.2688603879530635
2024-08-31,META,33.805970379209455,3.2276910848786686,0.1523548802606802,0.035634991560805254,0.5775724124674179,0.1638822186319549,0.2573107117761352,0.21167496765225396
2024-08-31,MPC,29.356721243683705,5.619178044481311,0.03597664349832365,0.17872872896676148,0.6198972664775617,0.15013631086083254,0.39724214861631935,0.20247274251357972
2024-08-31,MRK,30.55725613416769,6.1973088071513605,0.11403187436254918,0.12028238885535497,0.5362705115361104,0.032019872261178056,0.2374875735200922,0.18211211019569815
2024-08-31,MS,26.056012960841226,6.9917139412458695,0.15342585954710625,0.03900092022085529,0.40995863219029777,0.18364111797315014,0.3642010221899687,0.19952058815439314
2024-08-31,MSFT,31.732346018039475,4.790110174023617,0.2166330479100989,0.07069008247327489,0.4869306142356597,0.02762257892194285,0.4065618130101859,0.22113573288445182
2024-08-31,NVDA,11.611416665589486,6.674165105944612,0.11911152918024001,-0.08228159694615862,0.3764511049422301,-0.19171028781104624,0.30315822942000653,0.23450092254032173
2024-08-31,PFE,25.193691226736174,5.343400252866237,-0.033717328967064975,0.06492207756015461,0.6178101074104443,0.13984925888780814,0.34370208558531806,0.2980898762884028
2024-08-31,SLB,31.98131374423687,4.604962032459531,-0.07172834194163652,0.06651477102367101,0.47444894888073497,0.05779874324198207,0.33514660950698477,0.18235012365768058
2024-08-31,TGT,25.445681247767315,8.760488819445186,0.23973484056869857,0.10202445784636857,0.29140281304976123,-0.004024422233461847,0.3485195581169285,0.27891667459700065
2024-08-31,TSLA,23.559984584973904,6.173990302150976,-0.07025030837298238,0.15540794922557938,0.5269205479599219,0.05670367407553559,0.40059684225940334,0.22162846777754788
2024-08-31,UNH,25.11898998883319,4.8681854843785555,0.09688123609172133,0.06451126002190663,0.6017797058096089,0.027288396495304262,0.20747717394232604,0.19591258982476736
2024-08-31,WFC,25.680752239685198,4.288894390931365,0.012418210705473859,0.05468687543135745,0.4077333555070237,-0.042404538520640855,0.31969751337396457,0.2636399285052959
2024-08-31,WMT,31.22986839164395,9.475473400788609,0.14754016364966613,0.018808436690359073,0.4330415304410491,0.14633549292412076,0.45793842270660023,0.2064217461103401
2024-08-31,XOM,25.535148553094004,5.436403029509741,0.16075858005673288,0.098933383283509,0.5456104450681036,0.17740072334959012,0.36146002278183503,0.12762078940300006
2024-09-30,AAPL,26.437202937621525,3.4336091144935335,0.1746982633404307,0.11754961776108236,0.5156927022994615,0.06606504279155684,,0.2566144104682608
2024-09-30,ABBV,23.71794292519934,7.433235787614211,0.02704700990045164,0.1653072126884405,0.44675508317936746,-0.023744301685352673,0.41040161655530005,0.2541309889834791
2024-09-30,AMD,13.434511014031827,5.297275906966269,0.2230780479328468,0.041252973099165556,0.5954655149975264,0.35442851155592847,0.33661919895363696,0.2217044289144914
2024-09-30,AMZN,29.652920348271525,2.666094970406481,0.16176299320142257,0.020109696568949106,0.625138210732294,0.30209621469779907,0.40550157955906735,0.2575679402158338
2024-09-30,BAC,24.606735987081926,6.049692556182235,0.06930984936059645,0.008491144029504405,0.3767404226763703,0.09562969793799247,0.5106480349868603,
2024-09-30,COP,27.986092002510652,5.343455951003987,0.05041377658758555,0.11381192207445856,0.5169856964996612,0.03808338113170552,0.24114513387513578,0.21701923773883405
2024-09-30,COST,24.483803055956308,6.168334717073147,0.11575548805837188,0.15993941717475466,0.39830636352105164,0.4115562167819462,0.2754176563441435,0.12614909239106217
2024-09-30,CVX,26.41103689917038,5.943397192331478,0.05139222036525006,0.19018392054786687,0.39450255988715155,0.16151307941108886,0.3704785694023194,0.2386794161969008
2024-09-30,GOOGL,35.15523383045614,4.712746024416095,0.14738941902700714,0.08638054192003262,0.37431185895767244,0.08966001595186221,0.37791873043772556,0.4
2024-09-30,GS,36.756501337838756,5.963006836400216,-0.0375525579979632,0.03667389595227405,0.5082776462179489,0.2983688515367551,0.36218772883300543,0.23056681591997244
2024-09-30,HD,26.479256776472063,2.89211132321693,0.26490385272512984,0.11214752912270512,0.3505805587837254,-0.05795646048002975,0.34194718050528833,0.1272662690739444
2024-09-30,IBM,47.942835314130136,6.053871154607297,0.12004745197920087,0.1932774288950418,0.6621426745934401,0.13728507951741753,0.22649597035265667,0.18235345365713407
2024-09-30,INTC,25.350345821647498,7.907880430260374,0.019955646023840007,0.1936691113919622,0.3689212067435068,0.21890562789027207,0.32409825532653036,0.2493673916854851
2024-09-30,JNJ,18.95809882186608,5.274995393806819,0.1457600382692719,0.16021983238199872,0.6407668615237473,0.32609283921076715,0.34016338474881047,
2024-09-30,JPM,18.881030522606842,8.110178268856137,0.24571009090061635,0.12844357388144614,0.729158789567909,0.1285738691008011,0.23562222466627178,0.1353838485788519
2024-09-30,LOW,34.178241917146,3.0486414282191925,0.022352039240104718,0.058334022951057204,0.6293573177760347,0.13121311869364227,0.2526480785905009,0.25013446592806865
2024-09-30,META,18.891377128077878,4.426619712637743,0.14404985035432832,0.06008251280072031,0.33116869653103465,0.16378787274738404,0.31622930917037195,0.17870352268188794
2024-09-30,MPC,29.31041396701602,5.271944128811677,0.11950340479529725,0.11688046022801013,0.6914893077109554,0.1361855467985759,0.5212559296141329,0.18361155717130384
2024-09-30,MRK,24.47950902818448,4.897075785475063,0.08855664607931629,0.25280132657063925,0.5277638980027798,0.2869822395509339,0.39946624482204196,0.2803904152561816
2024-09-30,MS,30.787337724884882,4.1696005631744475,0.06200342770068879,0.011144554243252391,0.21443246701683077,-0.1417250033926557,,0.3148529413924348
2024-09-30,MSFT,26.831018769731543,4.762720085474205,0.16218551741681023,0.1424121765439919,0.36850468150025606,-0.028013832118132048,0.5181103633114441,0.12845937714136124
2024-09-30,NVDA,20.59199619609423,4.257400726030254,0.05045161558918342,0.06019821612019271,0.5166837536690332,0.03778590927075287,0.47614566742897624,0.14965827677153154
2024-09-30,PFE,24.5948276090363,6.519780458940995,0.10987417652008319,0.13701095987540174,0.6125317402118733,-0.13164362054893453,0.28468629472228774,0.24136451983883428
2024-09-30,SLB,22.462254139758524,5.31920827073578,0.02916860211501074,0.028058813170624905,0.3714828592433073,0.20394632559140233,0.38249625949602556,0.20988164123859715
2024-09-30,TGT,44.245114768849476,4.16531420855313,0.1214935480056061,0.04640063685568934,0.5408048116395663,0.2541522728220065,0.4691976144545339,0.23546293830058532
2024-09-30,TSLA,37.07606618700326,3.004072033497261,0.028312701013261346,0.04629571141685663,0.3340923146118874,-0.10836918800483586,0.36564708684883257,0.15621575919129077
2024-09-30,UNH,35.551262389286435,4.291308903348645,0.06423428253643221,-0.006208677220181577,0.36508846809673323,0.16739811195640783,0.4223504680126409,0.14339126780646627
2024-09-30,WFC,37.88584538766812,4.996548708636383,0.1503732322290251,0.1402926293974861,0.4966926555371255,-0.06224737352284487,0.10409926727188457,0.2352405257650577
2024-09-30,WMT,36.963893606392645,4.367273142963136,0.17322107101895412,0.04566060048043625,0.4762458935856446,-0.14762390795416128,0.3839456122553307,0.2784487161569044
2024-09-30,XOM,26.129045003140018,6.934492379075457,0.1752995000814334,0.15305332263164842,0.4684664656643761,0.12687687432440947,0.3881431180647303,0.2176352324730717
2024-10-31,AAPL,22.46689099109576,4.022125439047684,0.07607784254339671,0.17856266250851327,0.2616353866507138,0.35015682588742303,0.2924416213201843,0.20605116201009285
2024-10-31,ABBV,28.90673528862065,5.264533951964708,0.019778905168616093,0.0021152656121099234,0.46710308027300484,0.048013795552887706,0.43782077598406,
2024-10-31,AMZN,31.424111136462656,5.818980631106575,0.06829048269968391,0.047556246997116136,0.5110584110218782,0.0017233733626794978,0.34338559990796996,0.2884009605424307
2024-10-31,BAC,33.793699021882965,2.5564663719593907,0.05916083599035713,0.1578300198654008,0.6005640339465674,-0.05008821338943312,,0.17868585036025775
2024-10-31,COP,25.4974707714219,4.122724894726902,0.03359437809024958,0.003392338539421169,0.6322214651436776,-0.08698409384695793,0.2838385890161699,0.1540056161862246
2024-10-31,CVX,26.824275490071308,5.372423542148558,0.054546597394922645,0.25446835383724203,0.31928893683015636,0.2792423845299028,0.34374577314177107,0.20392642349983783
2024-10-31,GOOGL,11.491560681981174,6.714737537962844,0.21035145641999756,0.10108645575237926,0.3928314493697006,0.17139664544977867,0.29942196919625225,0.1799604291092288
2024-10-31,GS,24.712711113564314,5.762487968411887,0.07614659927139025,0.13298072941142702,0.7546348692638389,0.18761509346407762,0.29828131986690465,0.30064039295879963
2024-10-31,HD,20.254880079524927,5.758600314690067,0.0009209403119418563,0.15486465334279512,0.4721126927745754,0.06341441406826487,0.3854535254489234,0.19978348543163316
2024-10-31,IBM,20.78800740161561,6.2036936367875715,0.2920100232547404,0.07489838972992502,0.49041328098041703,0.31139760863858956,0.4043239546884374,0.16857342629106045
2024-10-31,INTC,25.116233290543057,4.342620360988861,-0.019822570118535693,0.15887771728806388,0.5177047608362034,-0.03750759893259384,0.4817375775592171,0.16421003924150895
2024-10-31,JNJ,26.041698605089298,1.8169776121755632,0.19574718283505826,0.024504747731093887,0.40751819611964313,0.13635882767550242,0.2031830228020158,0.1103799380895303
2024-10-31,JPM,21.679127168304735,5.067973219166256,0.22439787068563904,0.0648131522586925,0.6148337701075614,-0.08600815665212416,0.4125429738729543,
2024-10-31,LOW,32.117369443479355,5.239497851379246,0.015296677232699979,0.07191149245331471,0.556828656080195,0.12329483716696932,0.30466850728451356,0.1998047283160394
2024-10-31,META,33.87525462765954,3.572877575367732,0.030750467153282127,0.04310934491606005,0.5978523868793368,0.12503186809892547,0.33171683677810315,0.22142349650254142
2024-10-31,MPC,27.906276615243435,4.418479937585479,,0.3,,0.2364845724271489,0.11008441054611384,0.1039248123440056
2024-10-31,MRK,36.7503088517841,2.580410149531844,0.31719740167892574,0.16956967398329453,0.5773893235023432,0.17285100919492086,0.3666441827183468,0.23270539728227754
2024-10-31,MS,32.30686097514258,5.784873006877216,0.15269313522545352,0.08523069811110105,0.6429312652858574,-0.04796092568190238,0.4067971928630398,0.22668736087745955
2024-10-31,MSFT,29.729783706694867,6.572445450716279,0.12055080493480433,0.08052569715716129,0.5357405310602725,0.0005814403996987905,0.34190904704676434,0.19617688434842617
2024-10-31,NVDA,28.570718966638033,5.824088813824891,0.08594125517254438,0.16978727441908814,0.5336028286739146,-0.015166542552976767,0.3588388319873031,0.30797255067736584
2024-10-31,PFE,32.07293009511026,7.913835344685962,0.023968701867833078,0.0960527251236575,0.6058983852919493,-0.05274072196237928,0.29067483163144114,0.26892462703976466
2024-10-31,SLB,35.437342413272276,3.216605624192787,-0.06934272268505193,0.1369130847072381,0.6321662673085983,0.12524837882768308,0.3134787358965146,0.22073556123847674
2024-10-31,TGT,19.288551631755986,3.7859171510798078,0.18887507062493547,0.14688546154336196,0.43167590622266455,0.333934358088405,0.3525494821934774,0.157604483150116
2024-10-31,TSLA,26.224757484959238,4.045228130248166,0.019755419360075716,0.10786402978171211,0.3815147545937625,0.14509075771780067,0.18459522404916792,0.07874303934856575
2024-10-31,UNH,34.26215580684305,7.073134423797809,0.2695667688059793,0.1200348569810917,0.6745846214354871,0.1289477017245052,0.27689031787058443,0.21887013970438066
2024-10-31,WFC,26.97548826261395,4.985259839424923,0.014303500054378915,0.07200769580210044,0.45118301454775767,0.17457588026329274,0.34594545188712733,
2024-10-31,WMT,15.475599522042723,4.550660826113979,0.11470724210628432,0.10446663139752504,0.4523717223414634,0.1575565863976645,0.4627530562951189,0.1920391233829264
2024-10-31,XOM,24.96764943309359,5.776554241924165,0.06313601860477017,0.13504575316951592,,0.29653930863968236,0.511991727077374,0.245601639992539
2024-11-30,AAPL,16.358700158352853,6.7219162702575215,-0.03819884882432659,0.02732746189515327,0.5024945536155935,-0.10273141780778888,0.4369119120940449,0.274907699926768
2024-11-30,ABBV,41.641327486444574,4.777349752600309,0.15793624140546603,0.16690476467056736,0.5233358431915077,0.2699153535587881,0.4455504967606846,0.2036823638870596
2024-11-30,AMD,20.05607689589212,5.162970345539516,-0.177851303387252,0.12122957115794418,0.6301615626695882,0.10598304278960904,0.4070408696704158,0.24261639468209795
2024-11-30,AMZN,27.134183254696236,7.710446667564307,0.13800928116252917,0.0658299693811733,0.6064343921950848,0.019912698766738277,0.38573465390195544,0.16018214098731348
2024-11-30,BAC,9.751150749090225,5.188684306529165,0.21502861641588267,0.1900163675732973,0.32013255821000186,-0.08882967057019509,0.44689987829781597,0.15130436759696225
2024-11-30,COP,25.65795628215549,3.6355799666193835,0.09407315703948155,0.2147489096066691,0.37655265492140017,0.18983073706532533,0.2648984141546822,0.20446017930944585
2024-11-30,COST,39.26284991803151,3.0858769745646795,-0.01803117719245126,0.19959404989779403,0.4078124598342738,0.2740305583636474,0.3733096891429536,0.2269856533829644
2024-11-30,CVX,29.129410479193908,4.756965108593302,0.09343537179218492,-0.07355118122110384,0.46501265074497455,0.13264231999304615,0.3065381278478944,0.21405672002904869
2024-11-30,GOOGL,36.16523383348153,4.948433909447674,0.1567019627496894,0.13075846415037753,0.681349249195806,0.02820768888866261,0.5000395804311115,0.3781889076114633
2024-11-30,GS,24.48691464254292,6.982389978736998,-0.002146235509546568,0.15537497621027258,0.3731318326061708,0.0425936415047126,0.21361108951215638,0.17424174865989106
2024-11-30,HD,25.71482033216565,7.636918177257918,0.038381132775288214,0.030270215808801806,0.21186694235530829,-0.09329939102129739,0.422513525964288,0.4
2024-11-30,IBM,30.660953833601596,5.354474271778899,0.1105236278583561,0.15920571316874005,0.454890823841997,0.2959640112228189,0.30247221647550515,0.21011137824470144
2024-11-30,INTC,31.964258449409183,7.435695160001355,0.0882465156402472,0.056967546520761095,0.44215084846052477,0.02812000444695152,0.38504640166750265,0.3272567504387269
2024-11-30,JNJ,26.269876029514023,5.242000791909367,0.2532657193953164,0.1265098917028809,0.3247865621683844,0.019815362558470745,0.3974183675017876,0.1786146621316059
2024-11-30,JPM,5.388409647065316,6.07897887359896,0.16454174191285098,0.09028015240962839,0.4214815245290272,-0.028139791795561614,0.3173338134079739,0.28152036750414133
2024-11-30,LOW,12.127898377441293,4.349789106546482,0.2164220857062195,0.105918590347286,0.43780668281498775,0.16691411658317615,0.35308249013217324,0.18918184232642998
2024-11-30,META,27.09758611499664,6.024997468100354,0.13639174004169277,-0.057158966491736254,0.533688395802149,-0.106311336649766,0.3136030919870909,0.2699202093932149
2024-11-30,MPC,41.827313877512296,6.31285241076073,-0.1574398750500259,0.07546593791613351,0.42056933909313954,-0.0076651694007807,0.30540440447018063,0.2663089545763372
2024-11-30,MRK,24.868423146196086,6.420021841342448,0.024959749433404316,-0.011500360432486867,0.40377038588653924,,0.4199067121547361,0.24873591317193677
2024-11-30,MS,26.052136260789233,2.1281335266042927,0.10394127574598126,0.05769529729305766,0.3413161415395898,0.21726981674930176,0.26254202550963623,0.2109640947556121
2024-11-30,MSFT,17.006948778088024,4.469459385745182,0.12136101963361672,0.02584041037436581,0.5241076820085758,-0.13662396127341495,0.3452494018217373,0.2063004485051877
2024-11-30,NVDA,21.171247238968725,3.8758329386678803,0.12265693490281178,0.14530966336859918,0.49094302762413605,0.2299666838175748,0.5759909678070205,0.26208120018517606
2024-11-30,PFE,24.386347337034387,6.2724890740729595,0.02689001622914948,0.046176950051239854,0.2485110399547431,0.05412036320287227,0.40044651993364627,0.21176888498264188
2024-11-30,SLB,32.738020615772285,2.479782998103265,-0.1340903022048487,0.16320510850611986,0.49384764604924486,0.24901479546905364,0.5493742410131852,0.15062056512622796
2024-11-30,TGT,33.82984633856358,2.491282586529181,0.23143200507003592,0.11213240778416307,0.3128782995655849,0.10547570827226059,0.24543306399148965,0.25146707004423985
2024-11-30,TSLA,34.70221673666224,5.246189227206724,0.08572550771726116,0.17507878255440024,0.6485771433276007,0.12149488718708065,0.3713623511469361,0.24009657083093383
2024-11-30,UNH,44.16364552679504,4.265823338709595,0.2238424630844918,0.10687903385398627,0.7494821952467349,0.1125780322237667,0.3376797611786307,0.06770776523387015
2024-11-30,WFC,42.921345698398014,6.744343004626476,0.35837800511386864,0.060856723172062574,0.6379949466221786,-0.016736537249956537,0.39089256180803567,0.3136448578661978
2024-11-30,WMT,24.224228297032365,3.251711214702689,0.07633693976221834,0.07121707976120449,0.773098140006421,0.11743191384940523,0.46843853987093065,0.16265437138299552
2024-11-30,XOM,27.006158535155393,4.780860959714141,0.05205414450786146,0.004494734485776364,0.5334790699464763,-0.11446646988059725,0.4970369365913764,0.3755330976334316
2024-12-31,AAPL,33.125103779970914,7.582102718120018,-0.043274668791545734,0.06939297007564921,0.4143165165675649,-0.1284666586141011,0.13467806579302877,0.1333867936693967
2024-12-31,ABBV,29.018368800060998,3.4384693094370116,0.2011611425810414,0.129009287733112,0.43713218681468086,0.09157541039664524,0.19279109306741138,0.2914874847449461
2024-12-31,AMD,23.865187072124918,4.426164810505813,0.1730926704654543,0.08410841567239057,0.7193799907188476,0.22334910106752742,0.44537694739980754,0.24165453086959407
2024-12-31,AMZN,22.357531372810467,2.786066230825933,0.09410478775847798,0.2090486988714259,0.6196645270765219,-0.08256102543006436,,0.1708030319397582
2024-12-31,BAC,30.93233479712768,7.14936870283339,0.16800113246888426,0.1282133275964925,0.7194399303435461,0.3553254484739705,,0.2873306510444981
2024-12-31,COST,29.901566531701036,8.283127443027285,-0.010698082693100658,0.11332357648086261,0.46991499978358403,-0.11800569353615412,0.4310716852044255,0.2565422600318648
2024-12-31,CVX,16.200429230554626,2.6318800064013264,-0.01384250536363818,0.15276628978400114,0.6420012080659365,0.06008823896463466,0.4245828246152994,0.21952452587089413
2024-12-31,GOOGL,37.634575089157664,4.564104393430916,0.15874126413439993,0.09234124203975579,0.4115983568432269,-0.11456788216809172,0.26168592780917765,0.2641922300787286
2024-12-31,GS,39.98902076185292,4.462120250482178,0.16392564061630405,0.11742688247250951,0.5963561534002222,0.1930942044995201,0.1597432252585635,0.2560415373575031
2024-12-31,HD,26.11905285221429,6.921571954785182,0.11307768248645611,0.0923770611782296,0.3860616081453345,0.11181574752853136,0.3828611172543201,0.18761110123551694
2024-12-31,IBM,31.231064681826716,6.885583293015653,0.2096309760050254,0.04879342345606914,0.5253280625919672,0.21652421529174173,,0.24056945168797134
2024-12-31,INTC,47.06035274702978,4.242832771754327,0.09400844554185254,0.05003371243903372,0.5414575127368659,0.005079583433034135,0.34309151749030264,0.22556001637227546
2024-12-31,JNJ,39.043290078871756,4.162002644569618,0.0299294583659607,0.0025873679135813704,0.4215723640040277,0.00430889723368981,0.40203360982645453,0.26841064954852406
2024-12-31,JPM,28.085349110532057,5.6951885904978585,-0.08537900998259937,0.21223000690335364,0.6217886099244527,-0.10973886612511585,0.24240533417053348,0.18525013747017624
2024-12-31,LOW,35.87674392722494,6.0331767934063825,0.1125101012341798,0.19598017028049083,0.41254710647279597,0.0036518661676151892,0.37303329248292294,0.15246930207558124
2024-12-31,META,21.72922459375585,8.462420032625424,0.32425530689262044,0.14380047911793967,0.5778810865391674,0.0980978173181411,0.46231118137524074,0.17087608071611063
2024-12-31,MPC,26.12272294729987,7.203254557212986,0.18478196547012188,-0.016656535024349314,0.5015038531362566,0.16211681318712426,0.23427957086725387,0.19721883669309262
2024-12-31,MRK,22.319870339180355,6.308522691640089,0.15448405830416242,0.11293773669205671,0.3796874413971138,0.4529889677786172,0.4472449232018873,0.18025773093432912
2024-12-31,MS,17.287265056027756,5.277726557407523,0.12289401415315812,0.12538621159166738,0.4067936700736218,0.09008532434294333,0.4219784018547451,0.15086894849543847
2024-12-31,MSFT,30.22018316284828,2.860858628696077,-0.05226384839045034,0.08348245078647626,0.46692775333896525,0.05571453390510709,0.33019286978618523,0.20978172706098908
2024-12-31,NVDA,25.596767089957975,7.859841237346862,0.13208468100973458,0.115071730686418,0.5699854328939119,0.11575538023190104,0.2588746844470087,0.29268349006253624
2024-12-31,SLB,25.145578402972138,1.5844026567305827,0.21502112435476678,0.05998332771314727,0.5502423432929442,0.24208649948094868,0.3925728881067992,0.2696682637232452
2024-12-31,TGT,28.382779538051384,3.796463598485678,-0.05670723575846462,0.020849162409256897,0.5829708399244746,0.013674798155952114,0.24504598236245295,0.16653157539342567
2024-12-31,TSLA,26.753230259245697,5.475504591489202,-0.05787811848450297,0.16380271700293708,0.5263096877634554,0.13245698431893269,0.40557957581962223,0.2128554466168145
2024-12-31,UNH,30.49522548400867,5.009917638323822,0.1893719889476347,0.057719986018054704,0.4983599680513105,0.05187254159777158,0.34384611161927564,0.21535401601874438
2024-12-31,WFC,29.76146876085027,3.8189672898229867,0.09076466704219217,0.06374546799895724,0.42382587705305047,0.08850356647756141,0.2948460725159378,0.16733369640179163
2024-12-31,WMT,24.38920863669443,5.81364123818665,-0.09390213159761457,0.05629396498401404,0.5676210606815704,0.07302079597108155,0.4713282861254776,0.22250453121270003
2024-12-31,XOM,24.967917730395992,3.1315589775696853,-0.1197077534286827,0.202771477277081,0.33377883096260624,0.28017109581850524,0.3284814213778426,0.19003033427427068
